Country,"Density
 (P/Km2)",Abbreviation,Agricultural Land( %),Land Area(Km2),Armed Forces size,Birth Rate,Calling Code,Capital/Major City,Co2-Emissions 2023,CPI,CPI Change (%),Currency-Code,Fertility Rate,Forested Area (%),Gasoline Price,GDP,Gross primary education enrollment (%),Gross tertiary education enrollment (%),Infant mortality,Largest city,Life expectancy,Maternal mortality ratio,Minimum wage,Official language,Out of pocket health expenditure,Physicians per thousand,Population,Population: Labor force participation (%),Tax revenue (%),Total tax rate,Unemployment rate,Urban_population,Latitude,Longitude,Co2-Emissions 2021,Co2-Emissions 2020,Co2-Emissions 2019,Co2-Emissions 2018,Co2-Emissions 2017,Co2-Emissions 2016,Co2-Emissions 2015,Co2-Emissions 2014,Co2-Emissions 2013,Co2-Emissions 2012,Co2-Emissions 2011,Co2-Emissions 2010,Co2-Emissions 2009,Co2-Emissions 2008,Co2-Emissions 2007,Co2-Emissions 2006,Co2-Emissions 2005,Co2-Emissions 2004,Co2-Emissions 2003,Co2-Emissions 2002,Co2-Emissions 2001,Co2-Emissions 2000,Co2-Emissions 1999,Co2-Emissions 1998,Co2-Emissions 1997,Co2-Emissions 1996,Co2-Emissions 1995,Co2-Emissions 1994,Co2-Emissions 1993,Co2-Emissions 1992,Co2-Emissions 1991,Co2-Emissions 1990
China,153,CN,56.20%,"9,596,960","2,695,000",10.9,86,Beijing,"9.893,04",125.08,2.90%,CNY,1.69,22.40%,$0.96,"$19,910,000,000,000",100.20%,50.60%,7.4,Shanghai,77,29,$0.87,Standard Chinese,32.40%,1.98,"1,397,715,000",68.00%,9.40%,59.20%,4.32%,"842,933,962",3.586.166,104.195.397,"11.472,37","10.956,21","10.741,00","10.353,88","10.011,11","9.764,98","9.866,90","9.998,62","9.956,31","9.779,28","9.528,56","8.616,65","7.886,53","7.496,83","6.978,61","6.488,80","5.876,56","5.223,75","4.827,45","4.112,46","3.723,73","3.644,46","3.552,84","3.360,46","3.510,17","3.503,23","3.357,91","3.100,00","2.921,65","2.730,79","2.606,10","2.484,85"
United States,36,US,44.40%,"9,833,517","1,359,000",11.6,1,"Washington, D.C.","5.006,30",117.24,7.50%,USD,1.73,33.90%,$0.71,"$21,427,700,000,000",101.80%,88.20%,5.6,New York City,78.5,19,$7.25,None,11.10%,2.61,"328,239,523",62.00%,9.60%,36.60%,14.70%,"270,663,028",3.709.024,-95.712.891,"5.007,34","4.715,69","5.259,14","5.376,66","5.210,96","5.251,76","5.376,58","5.528,87","5.480,93","5.345,45","5.546,63","5.681,39","5.482,98","5.918,87","6.135,29","6.057,16","6.137,60","6.117,96","6.015,80","5.952,70","5.911,99","6.016,35","5.810,33","5.737,13","5.691,86","5.616,43","5.427,80","5.365,58","5.274,36","5.175,22","5.064,99","5.122,50"
India,464,IN,60.40%,"3,287,263","3,031,000",17.86,91,New Delhi,"2.407,67",180.44,7.70%,INR,2.22,23.80%,$0.97,"$2,611,000,000,000",113.00%,28.10%,29.9,Kurebhar,69.4,145,$0.30,Hindi,65.10%,0.86,"1,366,417,754",49.30%,11.20%,49.70%,5.36%,"471,031,528",20.593.684,7.896.288,"2.709,68","2.445,01","2.626,46","2.600,45","2.434,87","2.383,82","2.270,77","2.187,34","2.037,42","1.962,59","1.778,47","1.676,50","1.611,42","1.461,52","1.356,95","1.258,64","1.184,93","1.124,52","1.058,73","1.022,18","991,73","978,10","950,95","876,95","858,94","825,20","761,45","716,27","677,30","655,45","615,37","578,00"
Russia,9,RU,13.30%,"17,098,240","1,454,000",11.5,7,Moscow,"1.732,03",180.75,4.50%,RUB,1.57,49.80%,$0.59,"$1,699,876,578,871",102.60%,81.90%,6.1,Moscow,72.7,17,$0.53,Russian,36.40%,04.01,"144,373,535",61.80%,11.40%,46.20%,4.59%,"107,683,889",6.152.401,105.318.756,"1.755,55","1.624,22","1.692,36","1.700,45","1.654,15","1.624,76","1.629,71","1.631,66","1.632,72","1.694,58","1.679,28","1.626,19","1.539,31","1.646,97","1.618,59","1.618,25","1.559,08","1.541,75","1.535,29","1.505,52","1.514,71","1.478,18","1.493,16","1.464,54","1.481,62","1.586,17","1.618,95","1.646,94","1.865,94","1.965,61","2.405,53","2.534,87"
Japan,347,JP,12.30%,"377,944",261,7.4,81,Tokyo,"1.135,89",105.48,0.50%,,1.42,68.50%,$1.06,"$5,081,769,542,380",98.80%,63.20%,1.8,Tokyo,84.2,5,$6.77,None,13.10%,2.41,"126,226,568",61.70%,11.90%,46.70%,2.29%,"115,782,416",36.204.824,138.252.924,"1.067,40","1.042,22","1.106,02","1.143,41","1.188,36","1.203,89","1.223,61","1.264,41","1.315,57","1.306,18","1.265,03","1.215,06","1.163,38","1.232,48","1.303,36","1.267,62","1.290,60","1.283,08","1.287,69","1.279,36","1.249,99","1.264,59","1.241,84","1.205,25","1.245,14","1.252,45","1.239,91","1.227,51","1.172,49","1.179,50","1.169,78","1.158,13"
Germany,240,DE,47.70%,"357,022",180,9.5,49,Berlin,"727,97",112.85,1.40%,EUR,1.56,32.70%,$1.39,"$3,845,630,030,824",104.00%,70.20%,3.1,Berlin,80.9,7,$9.99,German,12.50%,4.25,"83,132,799",60.80%,11.50%,48.80%,3.04%,"64,324,835",51.165.691,10.451.526,"674,75","639,38","707,15","754,41","785,62","800,34","795,56","792,26","831,21","813,69","808,91","832,54","789,90","854,51","851,22","877,94","866,30","886,64","900,63","899,45","916,14","899,35","895,35","922,81","930,87","958,70","938,61","939,49","955,82","965,54","1.013,82","1.051,98"
Eritrea,35,ER,75.20%,"117,6",202,30.3,291,Asmara,"711,00",,,ERN,04.06,14.90%,$2.00,"$2,065,001,626",68.40%,3.40%,31.3,Asmara,65.9,480,,Tigrinya,52.40%,0.06,"6,333,135",78.40%,,83.70%,5.14%,"1,149,670",15.179.384,39.782.334,"0,82","0,78","0,86","0,83","0,70","0,65","0,63","0,63","0,62","0,60","0,56","0,50","0,50","0,41","0,56","0,55","0,77","0,77","0,71","0,60","0,63","0,60","0,62","0,59","0,81","0,90","0,82","0,74","0,00","0,00","0,00","0,00"
Iran,52,IR,28.20%,"1,648,195",563,18.78,98,Tehran,"661,71",550.93,39.90%,IRR,2.14,6.60%,$0.40,"$445,345,282,123",110.70%,68.10%,12.4,Tehran,76.5,16,$1.58,Persian,39.70%,1.58,"82,913,906",44.70%,7.40%,44.70%,11.38%,"62,509,623",32.427.908,53.688.046,"748,88","729,98","702,96","700,94","685,40","633,83","631,58","632,67","597,95","588,36","577,34","569,77","559,02","534,64","512,66","503,64","463,16","442,12","413,66","397,63","394,75","369,15","379,50","305,50","267,05","276,29","271,58","263,82","235,61","226,93","221,83","209,94"
Somalia,25,SO,70.30%,"637,657",20,41.75,252,Mogadishu,"645,00",,,SOS,06.07,10.00%,$1.41,"$4,720,727,278",23.40%,2.50%,76.6,Bosaso,57.1,829,,Arabic,,0.02,"15,442,905",47.40%,0.00%,,11.35%,"7,034,861",5.152.149,46.199.616,"0,61","0,58","0,64","0,64","0,64","0,64","0,63","0,63","0,63","0,61","0,61","0,61","0,60","0,60","0,61","0,59","0,59","0,59","0,59","0,59","0,50","0,48","0,49","0,51","0,54","0,57","0,59","0,63","0,64","0,68","0,71","0,73"
South Korea,527,KR,17.40%,"99,72",634,6.4,82,Seoul,"620,30",115.16,0.40%,KRW,0.98,63.40%,$1.22,"$2,029,000,000,000",98.10%,94.30%,2.7,Seoul,82.6,11,$6.49,Korean,36.80%,2.36,"51,709,098",63.00%,15.60%,33.20%,4.15%,"42,106,719",35.907.757,127.766.922,"616,07","597,63","646,10","670,17","654,54","637,91","634,18","629,37","634,58","627,94","623,44","594,34","537,82","532,65","521,71","503,48","498,69","491,39","485,21","476,06","455,63","439,98","410,54","378,05","444,99","421,06","383,67","355,69","330,17","299,91","275,69","250,51"
Djibouti,43,DJ,73.40%,"23,2",13,21.47,253,Djibouti City,"620,00",120.25,3.30%,DJF,2.73,0.20%,$1.32,"$3,318,716,359",75.30%,5.30%,49.8,Djibouti City,66.6,248,,French,20.40%,0.22,"973,56",60.20%,,37.90%,10.30%,"758,549",11.825.138,42.590.275,"0,38","0,36","0,39","0,38","0,39","0,38","0,43","0,39","0,56","0,49","0,47","0,52","0,46","0,50","0,46","0,41","0,41","0,41","0,42","0,40","0,37","0,37","0,38","0,38","0,33","0,29","0,31","0,29","0,30","0,30","0,29","0,27"
Seychelles,214,SC,3.40%,455,0,17.1,248,"Victoria, Seychelles","605,00",129.96,1.80%,SCR,2.41,88.40%,,"$1,698,843,063",100.40%,17.10%,12.4,"Victoria, Seychelles",72.8,53,$2.00,French,2.50%,0.95,"97,625",,34.10%,30.10%,,"55,762",-4.679.574,55.491.977,"0,57","0,54","0,59","0,60","0,58","0,55","0,50","0,46","0,41","0,43","0,41","0,44","0,44","0,41","0,40","0,38","0,38","0,37","0,34","0,35","0,34","0,32","0,30","0,29","0,27","0,23","0,20","0,20","0,18","0,17","0,17","0,15"
Belize,17,BZ,7.00%,"22,966",2,20.79,501,Belmopan,"568,00",105.68,-0.90%,BZD,2.31,59.70%,$1.13,"$1,879,613,600",111.70%,24.70%,11.2,Belize City,74.5,36,$1.65,English,22.70%,1.12,"390,353",65.10%,26.30%,31.10%,6.41%,"179,039",17.189.877,-8.849.765,"0,69","0,61","0,71","0,60","0,62","0,62","0,64","0,47","0,44","0,45","0,55","0,54","0,52","0,44","0,48","0,44","0,42","0,39","0,43","0,43","0,45","0,40","0,35","0,37","0,39","0,31","0,38","0,37","0,38","0,36","0,41","0,31"
Saudi Arabia,16,SA,80.80%,"2,149,690",252,17.8,966,Riyadh,"563,45",118.4,-1.20%,SAR,2.32,0.50%,$0.24,"$792,966,838,162",99.80%,68.00%,6,Riyadh,75,17,$3.85,Arabic,15.00%,2.61,"34,268,528",55.90%,8.90%,15.70%,5.93%,"28,807,838",23.885.942,45.079.162,"672,38","661,19","656,48","626,19","643,64","642,86","678,85","612,84","544,56","566,83","497,66","517,72","465,84","432,34","386,51","431,29","395,85","394,58","326,52","325,70","296,59","296,36","225,99","207,24","215,81","258,27","262,42","328,14","340,64","316,17","288,55","208,50"
Indonesia,151,ID,31.50%,"1,904,569",676,18.07,62,Jakarta,"563,33",151.18,3.00%,IDR,2.31,49.90%,$0.63,"$1,119,190,780,753",106.40%,36.30%,21.1,Kalimantan,71.5,177,$0.48,Indonesian,48.30%,0.43,"270,203,917",67.50%,10.20%,30.10%,4.69%,"151,509,724",-789.275,113.921.327,"619,28","609,79","659,44","603,66","567,25","552,65","539,15","487,89","489,06","515,95","504,80","451,55","401,96","366,29","388,26","346,71","348,99","344,39","340,44","310,82","303,34","276,56","240,18","212,48","277,41","251,74","222,39","218,32","215,11","199,42","174,86","144,80"
Antigua and Barbuda,223,AG,20.50%,443,0,15.33,1,"St. John's, Saint John","557,00",113.81,1.20%,XCD,1.99,22.30%,$0.99,"$1,727,759,259",105.00%,24.80%,5,"St. John's, Saint John",76.9,42,$3.04,English,24.30%,2.76,"97,118",,16.50%,43.00%,,"23,8",17.060.816,-61.796.428,"0,47","0,43","0,50","0,50","0,49","0,49","0,48","0,46","0,46","0,46","0,44","0,45","0,44","0,42","0,41","0,38","0,37","0,37","0,35","0,33","0,30","0,29","0,28","0,27","0,26","0,24","0,22","0,22","0,22","0,21","0,21","0,22"
Canada,4,CA,6.90%,"9,984,670",72,10.1,1,Ottawa,"544,89",116.76,1.90%,CAD,1.5,38.20%,$0.81,"$1,736,425,629,520",100.90%,68.90%,4.3,Toronto,81.9,10,$9.51,French,14.60%,2.61,"36,991,981",65.10%,12.80%,24.50%,5.56%,"30,628,482",56.130.366,-106.346.771,"545,63","534,86","584,71","584,37","571,54","560,53","574,30","569,84","572,61","568,22","567,05","556,56","543,97","576,56","593,52","568,45","574,65","579,59","581,31","564,05","558,78","566,69","544,06","529,65","521,84","507,51","491,39","478,73","464,31","463,76","449,96","458,22"
Cape Verde,138,CV,19.60%,"4,033",1,19.49,238,Praia,"543,00",110.5,1.10%,CVE,2.27,22.50%,$1.02,"$1,981,845,741",104.00%,23.60%,16.7,Praia,72.8,58,$0.68,Portuguese,23.20%,0.77,"483,628",60.50%,20.10%,37.50%,12.25%,"364,029",165.388,-230.418,"0,67","0,63","0,61","0,58","0,58","0,54","0,49","0,49","0,49","0,50","0,62","0,56","0,52","0,47","0,51","0,49","0,45","0,41","0,41","0,38","0,35","0,30","0,29","0,24","0,23","0,22","0,20","0,18","0,17","0,18","0,16","0,18"
Burundi,463,BI,79.20%,"27,83",31,39.01,257,Bujumbura,"495,00",182.11,-0.70%,BIF,5.41,10.90%,$1.21,"$3,012,334,882",121.40%,6.10%,41,Bujumbura,61.2,548,,Kirundi,19.10%,0.1,"11,530,580",79.20%,13.60%,41.20%,1.43%,"1,541,177",-3.373.056,29.918.886,"0,69","0,66","0,72","0,68","0,53","0,47","0,39","0,38","0,40","0,38","0,35","0,30","0,17","0,21","0,20","0,18","0,15","0,20","0,16","0,21","0,21","0,27","0,25","0,25","0,25","0,24","0,24","0,23","0,23","0,22","0,24","0,21"
Mexico,66,MX,54.60%,"1,964,375",336,17.6,52,Mexico City,"486,41",141.54,3.60%,MXN,2.13,33.90%,$0.73,"$1,258,286,717,125",105.80%,40.20%,11,Mexico City,75,33,$0.49,None,41.40%,2.38,"126,014,024",60.70%,13.10%,55.10%,3.42%,"102,626,859",23.634.501,-102.552.784,"407,21","391,71","472,19","475,27","465,62","479,79","479,52","484,11","495,49","501,57","484,16","463,78","475,90","492,98","479,79","476,57","463,99","438,86","437,76","411,97","410,70","396,07","390,52","388,36","368,64","345,77","331,60","351,53","338,07","332,78","330,13","317,04"
South Africa,49,ZA,79.80%,"1,219,090",80,20.51,27,Pretoria,"476,64",158.93,4.10%,ZAR,2.41,7.60%,$0.92,"$351,431,649,241",100.90%,22.40%,28.5,Johannesburg,63.9,119,,Afrikaans,7.70%,0.91,"58,558,270",56.00%,27.50%,29.20%,28.18%,"39,149,717",-30.559.482,22.937.506,"435,93","435,83","466,92","435,24","439,38","456,97","446,22","471,87","458,63","458,95","465,77","462,81","480,40","495,00","464,89","446,56","415,93","449,02","404,12","356,30","371,37","378,06","374,69","377,02","385,02","363,61","361,58","338,57","320,35","301,33","326,03","312,93"
Brazil,25,BR,33.90%,"8,515,770",730,13.92,55,Brasilia,"462,30",167.4,3.70%,BRL,1.73,58.90%,$1.02,"$1,839,758,040,766",115.40%,51.30%,12.8,S����,75.7,60,$1.53,Portuguese,28.30%,2.15,"212,559,417",63.90%,14.20%,65.10%,12.08%,"183,241,641",-14.235.004,-5.192.528,"488,88","442,31","475,10","477,10","497,41","492,75","529,35","557,90","532,42","498,31","462,58","440,27","389,78","412,64","390,57","368,87","364,37","361,43","344,65","347,77","346,17","340,18","327,26","317,36","306,95","289,31","268,68","254,00","244,31","233,60","229,39","218,66"
Saint Lucia,301,LC,17.40%,616,,12,1,Castries,"414,00",110.13,1.90%,XCD,1.44,33.20%,$1.30,"$2,122,450,630",102.60%,14.10%,14.9,Castries,76.1,117,,English,48.40%,0.64,"182,79",67.10%,18.20%,34.70%,20.71%,"34,28",13.909.444,-60.978.893,"0,49","0,44","0,52","0,51","0,51","0,49","0,48","0,48","0,49","0,49","0,49","0,49","0,43","0,43","0,43","0,41","0,39","0,40","0,38","0,36","0,36","0,35","0,33","0,32","0,29","0,29","0,27","0,26","0,23","0,21","0,19","0,18"
United Kingdom,281,GB,71.70%,"243,61",148,11,44,London,"379,03",119.62,1.70%,GBP,1.68,13.10%,$1.46,"$2,827,113,184,696",101.20%,60.00%,3.6,London,81.3,7,$10.13,English,14.80%,2.81,"66,834,405",62.80%,25.50%,30.60%,3.85%,"55,908,316",55.378.051,-3.435.973,"346,77","326,26","364,75","379,73","387,37","399,43","422,46","438,81","477,61","487,48","469,71","511,90","494,11","544,93","559,57","567,85","570,34","573,43","571,62","560,27","577,97","569,03","561,65","568,54","562,71","586,76","566,16","574,02","579,61","593,85","609,41","601,95"
Australia,3,AU,48.20%,"7,741,220",58,12.6,61,Canberra,"375,91",119.8,1.60%,AUD,1.74,16.30%,$0.93,"$1,392,680,589,329",100.30%,113.10%,3.1,Sydney,82.7,6,$13.59,None,19.60%,3.68,"25,766,605",65.50%,23.00%,47.40%,5.27%,"21,844,756",-25.274.398,133.775.136,"391,19","399,92","416,36","416,28","414,36","411,26","401,79","393,95","397,89","406,15","403,83","405,10","407,07","404,23","399,62","392,38","386,15","382,82","369,28","361,54","357,13","349,64","343,49","334,08","320,28","311,89","305,00","293,70","288,87","284,53","279,53","278,15"
Turkey,110,TR,49.80%,"783,562",512,16.03,90,Ankara,"372,73",234.44,15.20%,TRY,02.07,15.40%,$1.42,"$754,411,708,203",93.20%,23.90%,9.1,Istanbul,77.4,17,$3.45,Turkish,16.90%,1.85,"83,429,615",52.80%,17.90%,42.30%,13.49%,"63,097,818",38.963.745,35.243.322,"446,20","413,43","401,72","422,57","430,22","405,30","384,33","363,87","347,15","355,88","341,86","316,04","316,32","310,53","313,58","282,27","264,77","244,69","236,68","221,15","213,48","229,86","207,86","212,07","212,04","199,58","181,48","167,56","171,13","164,06","158,14","151,66"
Italy,206,IT,43.20%,"301,34",347,7.3,39,Rome,"320,41",110.62,0.60%,EUR,1.29,31.80%,$1.61,"$2,001,244,392,042",101.90%,61.90%,2.6,Rome,82.9,2,,Italian,22.80%,3.98,"60,297,396",49.60%,24.30%,59.10%,9.89%,"42,651,966",4.187.194,1.256.738,"328,69","302,28","339,23","349,01","352,74","358,18","361,16","349,39","369,68","403,70","424,26","436,12","424,69","478,87","490,57","496,85","502,26","501,56","495,96","478,00","470,57","470,49","466,42","461,95","449,75","444,03","449,83","425,80","431,60","439,32","439,09","439,55"
France,119,FR,52.40%,"643,801",307,11.3,33,Paris,"303,28",110.05,1.10%,EUR,1.88,31.20%,$1.39,"$2,715,518,274,227",102.50%,65.60%,3.4,Paris,82.5,8,$11.16,French,6.80%,3.27,"67,059,887",55.10%,24.20%,60.70%,8.43%,"54,123,364",46.227.638,2.213.749,"305,96","280,03","316,39","322,53","337,46","334,44","331,58","327,11","358,62","356,91","354,60","376,65","371,05","390,78","396,66","406,46","416,17","413,78","412,53","407,79","411,61","406,83","412,18","413,63","393,95","401,37","386,26","381,91","388,08","406,65","418,37","393,42"
Poland,124,PL,46.90%,"312,685",191,10.2,48,Warsaw,"299,04",114.11,2.20%,PLN,1.46,30.90%,$1.07,"$592,164,400,688",100.00%,67.80%,3.8,Warsaw,77.6,2,$2.93,Polish,23.20%,2.38,"37,970,874",56.70%,17.40%,40.80%,3.47%,"22,796,574",51.919.438,19.145.136,"328,58","303,52","318,49","337,05","337,73","324,38","313,46","310,32","322,65","326,73","334,34","334,92","316,87","330,49","336,73","337,32","323,41","324,44","319,62","306,61","313,85","317,72","329,55","339,37","367,52","377,58","362,89","360,52","365,45","364,75","373,83","376,81"
Central African Republic,8,CF,8.20%,"622,984",8,35.35,236,Bangui,"297,00",186.86,37.10%,,4.72,35.60%,$1.41,"$2,220,307,369",102.00%,3.00%,84.5,Bangui,52.8,829,$0.37,French,39.60%,0.06,"4,745,185",72.00%,8.60%,73.30%,3.68%,"1,982,064",6.611.111,20.939.444,"0,23","0,21","0,23","0,22","0,22","0,20","0,18","0,12","0,12","0,19","0,19","0,17","0,16","0,16","0,23","0,23","0,22","0,22","0,22","0,24","0,25","0,23","0,23","0,22","0,22","0,21","0,21","0,21","0,20","0,19","0,19","0,18"
Guinea-Bissau,70,GW,58.00%,"36,125",4,35.13,245,Bissau,"293,00",111.65,1.40%,XOF,4.48,69.80%,,"$1,340,389,411",118.70%,2.60%,54,Bissau,58,667,$0.16,Portuguese,37.20%,0.13,"1,920,922",72.00%,10.30%,45.50%,2.47%,"840,922",11.803.749,-15.180.413,"0,35","0,33","0,32","0,31","0,30","0,30","0,28","0,26","0,25","0,25","0,24","0,24","0,23","0,23","0,23","0,22","0,21","0,20","0,19","0,15","0,15","0,15","0,19","0,17","0,20","0,18","0,18","0,18","0,18","0,18","0,18","0,17"
Thailand,137,TH,43.30%,"513,12",455,10.34,66,Bangkok,"283,76",113.27,0.70%,THB,1.53,32.20%,$0.71,"$543,649,976,166",99.80%,49.30%,7.8,Bangkok,76.9,37,$1.06,Thai,11.80%,0.81,"69,625,582",67.30%,14.90%,29.50%,0.75%,"35,294,600",15.870.032,100.992.541,"278,50","277,37","290,24","282,11","293,07","288,51","289,42","285,98","290,36","276,88","258,98","261,79","246,86","233,19","236,72","231,14","227,31","220,43","205,75","197,14","186,33","173,25","170,28","161,76","182,16","174,62","156,03","133,96","121,57","104,93","95,08","86,71"
Grenada,331,GD,23.50%,349,,16.47,1,"St. George's, Grenada","268,00",107.43,0.80%,XCD,02.06,50.00%,$1.12,"$1,228,170,370",106.90%,104.60%,13.7,"St. George's, Grenada",72.4,25,,English,57.00%,1.41,"112,003",,19.40%,47.80%,,"40,765",12.1165,-61.679,"0,32","0,29","0,33","0,31","0,28","0,27","0,26","0,23","0,30","0,27","0,25","0,26","0,25","0,25","0,24","0,23","0,22","0,21","0,22","0,21","0,19","0,19","0,19","0,18","0,17","0,15","0,15","0,14","0,12","0,12","0,11","0,11"
Malaysia,99,MY,26.30%,"329,847",136,16.75,60,Kuala Lumpur,"248,29",121.46,0.70%,MYR,2,67.60%,$0.45,"$364,701,517,788",105.30%,45.10%,6.7,Johor Bahru,76,29,$0.93,Malaysian language,36.70%,1.51,"32,447,385",64.30%,12.00%,38.70%,3.32%,"24,475,766",4.210.484,101.975.766,"256,05","259,48","269,16","267,09","248,20","252,06","235,70","245,33","242,17","213,29","216,99","215,94","200,71","201,99","182,46","178,79","181,33","171,10","156,52","135,12","133,99","126,20","108,29","114,24","122,08","113,44","113,93","90,63","86,72","72,96","65,79","54,27"
Kazakhstan,7,KZ,80.40%,"2,724,900",71,21.77,7,Astana,"247,21",182.75,5.20%,KZT,2.84,1.20%,$0.42,"$180,161,741,180",104.40%,61.70%,8.8,Almaty,73.2,10,$0.41,Russian,38.80%,3.25,"18,513,930",68.80%,11.70%,28.40%,4.59%,"10,652,915",48.019.573,66.923.684,"276,68","278,40","297,57","331,82","320,79","304,84","301,27","297,64","251,45","243,92","237,03","246,98","221,06","227,12","226,13","220,05","200,44","187,30","177,82","159,97","142,30","147,47","123,72","148,82","154,17","162,76","177,08","184,33","217,96","245,22","269,49","278,78"
Samoa,70,WS,12.40%,"2,831",,24.38,685,Apia,"246,00",117.56,1.00%,WST,3.88,60.40%,$0.91,"$850,655,017",110.50%,7.60%,13.6,Apia,73.2,43,$0.78,Samoan,11.50%,0.34,"202,506",43.70%,25.50%,19.30%,8.36%,"35,588",-13.759.029,-172.104.629,"0,29","0,29","0,27","0,24","0,25","0,24","0,23","0,20","0,19","0,19","0,19","0,18","0,17","0,16","0,18","0,17","0,17","0,16","0,16","0,16","0,15","0,14","0,14","0,14","0,12","0,12","0,11","0,10","0,10","0,10","0,10","0,09"
Spain,94,ES,52.60%,"505,37",196,7.9,34,Madrid,"244,00",110.96,0.70%,EUR,1.26,36.90%,$1.26,"$1,394,116,310,769",102.70%,88.90%,2.5,Madrid,83.3,4,$5.60,Spanish,24.20%,3.87,"47,076,781",57.50%,14.20%,47.00%,13.96%,"37,927,409",40.463.667,-374.922,"233,65","213,34","251,83","270,05","275,05","261,23","272,16","255,46","253,10","279,38","285,13","284,28","297,75","337,18","368,99","361,12","370,07","354,83","338,05","333,73","313,62","311,67","299,72","276,18","267,59","255,05","267,58","253,80","241,30","249,94","241,07","231,33"
Egypt,103,EG,3.80%,"1,001,450",836,26.38,20,Cairo,"238,56",288.57,9.20%,EGP,3.33,0.10%,$0.40,"$303,175,127,598",106.30%,35.20%,18.1,Cairo,71.8,37,,Modern Standard Arabic,62.00%,0.45,"100,388,073",46.40%,12.50%,44.40%,10.76%,"42,895,824",26.820.553,30.802.498,"249,62","235,82","256,14","243,91","260,11","239,39","224,48","226,90","211,42","213,73","213,03","200,84","203,17","194,76","185,91","176,02","165,04","149,14","146,46","125,78","124,29","140,35","124,50","121,47","107,51","93,57","94,89","84,56","92,28","79,94","77,30","75,22"
Saint Kitts and Nevis,205,KN,23.10%,261,,12.6,1,Basseterre,"238,00",104.57,-1.00%,XCD,2.11,42.30%,,"$1,050,992,593",108.70%,86.70%,9.8,Basseterre,71.3,,$3.33,English,56.60%,2.52,"52,823",,18.50%,49.70%,,"16,269",17.357.822,-62.782.998,"0,24","0,22","0,25","0,25","0,24","0,24","0,23","0,23","0,22","0,22","0,23","0,22","0,22","0,22","0,22","0,20","0,20","0,21","0,20","0,20","0,18","0,17","0,16","0,15","0,14","0,13","0,13","0,12","0,11","0,11","0,11","0,11"
Palau,39,PW,10.90%,459,,14,680,Ngerulmud,"224,00",118.17,1.30%,USD,2.21,87.60%,,"$283,994,900",112.60%,54.70%,16.6,Koror,69.1,,$3.00,English,21.80%,1.18,"18,233",,21.30%,76.60%,,"14,491",751.498,13.458.252,"0,24","0,23","0,22","0,21","0,22","0,21","0,21","0,22","0,23","0,22","0,22","0,21","0,20","0,21","0,25","0,23","0,22","0,22","0,21","0,21","0,22","0,21","0,20","0,20","0,20","0,20","0,20","0,20","0,20","0,20","0,00","0,00"
Saint Vincent and the Grenadines,284,VC,25.60%,389,,14.24,1,Kingstown,"220,00",109.67,2.30%,XCD,1.89,69.20%,,"$825,385,185",113.40%,23.70%,14.8,Calliaqua,72.4,68,$1.16,English,21.40%,0.66,"100,455",65.90%,25.40%,37.00%,18.88%,"58,185",12.984.305,-61.287.228,"0,21","0,19","0,23","0,24","0,22","0,24","0,23","0,25","0,22","0,23","0,22","0,22","0,28","0,22","0,23","0,22","0,22","0,22","0,20","0,19","0,18","0,15","0,16","0,16","0,13","0,13","0,13","0,12","0,10","0,08","0,08","0,08"
United Arab Emirates,118,AE,5.50%,"83,6",63,10.33,971,Abu Dhabi,"206,32",114.52,-1.90%,AED,1.41,4.60%,$0.49,"$421,142,267,938",108.40%,36.80%,6.5,Dubai,77.8,3,,Arabic,17.80%,2.53,"9,770,529",82.10%,0.10%,15.90%,2.35%,"8,479,744",23.424.076,53.847.818,"204,09","199,08","208,50","210,22","214,16","212,34","216,38","201,71","205,76","201,37","192,99","180,62","165,50","153,97","133,26","121,74","114,48","111,80","105,62","83,70","100,59","111,79","77,54","80,68","73,10","72,77","70,01","72,60","65,57","57,76","56,67","51,70"
Ukraine,75,UA,71.70%,"603,55",297,8.7,380,Kyiv,"202,25",281.66,7.90%,UAH,1.3,16.70%,$0.83,"$153,781,069,118",99.00%,82.70%,7.5,Kyiv,71.6,19,$0.84,Ukrainian,47.80%,2.99,"44,385,155",54.20%,20.10%,45.20%,8.88%,"30,835,699",48.379.433,3.116.558,"201,86","206,94","222,06","231,67","223,09","234,01","223,82","257,51","297,25","303,98","307,96","294,11","277,30","325,54","336,35","332,61","313,07","310,27","307,00","295,67","303,56","285,32","298,18","328,58","340,24","351,41","389,86","419,27","510,20","589,06","632,54","705,83"
Comoros,467,KM,71.50%,"2,235",,31.88,269,"Moroni, Comoros","202,00",103.62,-4.30%,KMF,4.21,19.70%,,"$1,185,728,677",99.50%,9.00%,51.3,"Moroni, Comoros",64.1,273,$0.71,French,74.80%,0.27,"850,886",43.30%,,219.60%,4.34%,"248,152",-116.455,433.333,"0,30","0,28","0,31","0,29","0,27","0,22","0,18","0,16","0,18","0,15","0,14","0,16","0,14","0,11","0,11","0,16","0,14","0,15","0,14","0,11","0,11","0,10","0,10","0,09","0,08","0,08","0,08","0,07","0,07","0,07","0,07","0,07"
Argentina,17,AR,54.30%,"2,780,400",105,17.02,54,Buenos Aires,"201,35",232.75,53.50%,ARS,2.26,9.80%,$1.10,"$449,663,446,954",109.70%,90.00%,8.8,Buenos Aires,76.5,39,$3.35,Spanish,17.60%,3.96,"44,938,712",61.30%,10.10%,106.30%,9.79%,"41,339,571",-38.416.097,-63.616.672,"186,45","169,26","178,51","180,60","186,90","189,92","191,74","188,40","189,54","191,29","190,27","186,73","178,95","188,11","174,25","174,61","161,43","157,04","134,63","124,39","134,00","142,36","147,29","139,45","137,64","134,76","127,76","122,23","117,78","121,23","117,51","112,08"
Pakistan,287,PK,47.80%,"796,095",936,28.25,92,Islamabad,"201,15",182.32,10.60%,PKR,3.51,1.90%,$0.79,"$304,400,000,000",94.30%,9.00%,57.2,Karachi,67.1,140,$0.69,Urdu,66.50%,0.98,"216,565,318",52.60%,9.20%,33.90%,4.45%,"79,927,762",30.375.321,69.345.116,"229,51","210,38","206,06","205,06","216,16","195,79","166,41","156,53","151,52","154,89","154,65","153,91","155,42","153,92","155,40","143,55","134,69","129,62","117,49","112,90","107,13","105,42","99,39","96,74","93,79","93,54","83,61","84,02","77,18","72,01","67,48","67,83"
Vietnam,314,VN,39.30%,"331,21",522,16.75,84,Hanoi,"192,67",163.52,2.80%,VND,02.05,48.10%,$0.80,"$261,921,244,843",110.60%,28.50%,16.5,Ho Chi Minh City,75.3,43,$0.73,Vietnamese,43.50%,0.82,"96,462,106",77.40%,19.10%,37.60%,2.01%,"35,332,140",14.058.324,108.277.199,"326,01","328,90","341,00","274,22","233,04","226,10","217,73","183,82","151,52","144,37","151,23","138,59","123,44","113,33","100,36","98,63","94,69","87,74","76,05","68,50","59,65","52,60","46,89","46,79","44,52","34,21","28,70","26,17","22,85","21,47","21,38","21,30"
Iraq,93,IQ,21.40%,"438,317",209,29.08,964,Baghdad,"190,06",119.86,0.40%,IQD,3.67,1.90%,$0.61,"$234,094,042,939",108.70%,16.20%,22.5,Baghdad,70.5,79,$1.24,Arabic,76.50%,0.71,"39,309,783",43.00%,2.00%,30.80%,12.82%,"27,783,368",33.223.191,43.679.291,"185,58","173,51","187,15","213,43","211,71","194,01","168,21","166,91","164,85","153,66","135,27","110,07","102,97","91,80","61,17","97,96","112,76","113,64","90,79","86,32","84,56","71,72","71,68","72,10","68,08","69,28","74,08","71,09","63,13","58,89","45,19","49,06"
Dominica,96,DM,33.30%,751,,12,1,Roseau,"180,00",103.87,1.00%,XCD,1.9,57.40%,,"$596,033,333",114.70%,7.20%,32.9,Roseau,76.6,,$1.48,English,28.40%,01.08,"71,808",,22.10%,32.60%,,"50,83",15.414.999,-61.370.976,"0,16","0,14","0,17","0,16","0,16","0,18","0,18","0,18","0,17","0,16","0,15","0,17","0,16","0,16","0,18","0,14","0,14","0,14","0,12","0,10","0,11","0,10","0,08","0,08","0,08","0,07","0,08","0,07","0,06","0,06","0,06","0,06"
Netherlands,508,NL,53.30%,"41,543",41,9.7,31,Amsterdam,"170,78",115.91,2.60%,,1.59,11.20%,$1.68,"$909,070,395,161",104.20%,85.00%,3.3,Amsterdam,81.8,5,$10.29,Dutch,12.30%,3.61,"17,332,850",63.60%,23.00%,41.20%,3.20%,"15,924,729",52.132.633,5.291.266,"141,05","137,85","153,03","158,63","162,49","164,86","164,14","157,66","164,67","164,69","168,26","181,53","169,53","174,85","171,87","172,09","176,92","180,89","179,01","175,57","176,21","171,08","169,93","175,46","174,49","181,45","172,30","170,79","170,21","170,02","170,23","161,81"
Solomon Islands,25,SB,3.90%,"28,896",,32.44,677,Honiara,"169,00",133.06,1.60%,SBD,4.4,77.90%,,"$1,425,074,226",106.20%,,17.1,Honiara,72.8,104,$0.40,English,3.30%,0.19,"669,823",83.80%,29.50%,32.00%,0.58%,"162,164",-964.571,160.156.194,"0,32","0,31","0,29","0,29","0,29","0,29","0,29","0,33","0,37","0,35","0,34","0,33","0,32","0,31","0,30","0,29","0,28","0,27","0,26","0,25","0,23","0,22","0,22","0,22","0,21","0,20","0,19","0,18","0,17","0,16","0,16","0,15"
Venezuela,32,VE,24.50%,"912,05",343,17.88,58,Caracas,"164,18","2,740.27",254.90%,VED,2.27,52.70%,$0.00,"$482,359,318,768",97.20%,79.30%,21.4,Caracas,72.1,125,$0.01,Spanish,45.80%,1.92,"28,515,829",59.70%,,73.30%,8.80%,"25,162,368",642.375,-6.658.973,"79,75","76,47","89,11","102,67","140,38","152,39","165,85","175,96","198,43","175,72","175,94","184,08","169,57","168,69","149,92","160,16","163,82","151,27","191,46","192,75","171,98","151,87","172,56","166,80","133,48","122,34","132,88","129,53","123,97","105,58","115,05","121,82"
Algeria,18,DZ,17.40%,"2,381,741",317,24.28,213,Algiers,"150,01",151.36,2.00%,DZD,03.02,0.80%,$0.28,"$169,988,236,398",109.90%,51.40%,20.1,Algiers,76.7,112,$0.95,Arabic,28.10%,1.72,"43,053,054",41.20%,37.20%,66.10%,11.70%,"31,510,100",28.033.886,1.659.626,"176,27","172,50","179,50","173,91","166,41","158,75","160,09","151,28","140,79","135,67","119,81","117,81","120,18","109,03","108,40","100,20","106,47","87,85","91,05","89,41","83,78","82,22","91,67","106,62","87,00","96,79","94,98","86,15","81,94","79,88","78,81","76,74"
Vanuatu,25,VU,15.30%,"12,189",,29.6,678,Port Vila,"147,00",117.13,2.80%,VUV,3.78,36.10%,$1.31,"$917,058,851",109.30%,4.70%,22.3,Port Vila,70.3,72,$1.56,French,8.90%,0.17,"299,882",69.90%,17.80%,8.50%,4.39%,"76,152",-15.376.706,166.959.158,"0,17","0,17","0,16","0,18","0,14","0,15","0,13","0,15","0,11","0,11","0,13","0,12","0,12","0,10","0,10","0,05","0,06","0,06","0,08","0,08","0,09","0,08","0,08","0,08","0,08","0,08","0,07","0,06","0,06","0,06","0,07","0,07"
Tonga,147,TO,45.80%,747,,24.3,676,Nuku,"128,00",121.09,7.40%,TOP,3.56,12.50%,,"$450,353,314",116.30%,6.40%,13.4,Nuku����,70.8,52,,Tongan Language,10.20%,0.52,"100,209",59.80%,22.30%,27.50%,1.12%,"24,145",-21.178.986,-175.198.242,"0,17","0,17","0,16","0,14","0,14","0,12","0,12","0,11","0,11","0,11","0,10","0,12","0,13","0,12","0,11","0,13","0,11","0,11","0,12","0,10","0,09","0,10","0,11","0,09","0,10","0,08","0,10","0,09","0,08","0,07","0,09","0,08"
Philippines,368,PH,41.70%,300,153,20.55,63,Manila,"122,29",129.61,2.50%,PHP,2.58,27.80%,$0.86,"$376,795,508,680",107.50%,35.50%,22.5,Manila,71.1,121,$1.12,English,53.50%,0.6,"108,116,615",59.60%,14.00%,43.10%,2.15%,"50,975,903",12.879.721,121.774.017,"144,26","135,66","145,23","141,82","135,15","122,56","112,45","101,48","96,04","88,63","83,74","82,95","76,49","77,30","70,76","66,52","73,27","72,77","70,22","70,16","70,30","72,35","68,18","68,25","70,06","61,26","59,95","54,12","48,93","48,29","43,47","41,35"
Nigeria,226,NG,77.70%,"923,768",215,37.91,234,Abuja,"120,37",267.51,11.40%,NGN,5.39,7.20%,$0.46,"$448,120,428,859",84.70%,10.20%,75.7,Lagos,54.3,917,$0.54,English,72.20%,0.38,"200,963,599",52.90%,1.50%,34.80%,8.10%,"102,806,948",9.081.999,8.675.277,"136,99","130,18","127,30","105,23","112,78","116,95","109,23","123,00","116,36","109,07","129,57","112,31","74,89","94,77","94,27","97,81","105,76","98,69","100,01","94,30","86,72","78,82","39,59","37,75","41,01","36,79","33,42","34,93","44,81","46,27","41,93","38,86"
Qatar,248,QA,5.80%,"11,586",22,9.54,974,Doha,"103,26",115.38,-0.70%,QAR,1.87,0.00%,$0.40,"$183,466,208,791",103.80%,17.90%,5.8,Doha,80.1,9,,Arabic,6.20%,2.49,"2,832,067",86.80%,14.70%,11.30%,0.09%,"2,809,071",25.354.826,51.183.884,"95,67","92,86","101,15","95,23","100,18","87,54","91,33","91,55","83,99","93,82","79,65","71,92","68,60","64,26","62,90","63,20","50,69","42,71","41,30","40,70","41,21","34,01","30,76","31,72","36,79","31,67","31,30","30,30","30,68","26,78","17,38","11,41"
Czech Republic,139,CZ,45.20%,"78,867",23,10.7,420,Prague,"102,22",116.48,2.80%,CZK,1.69,34.60%,$1.17,"$246,489,245,495",100.70%,64.10%,2.7,Prague,79,3,$3.00,Czech,14.80%,4.12,"10,669,709",60.60%,14.90%,46.10%,1.93%,"7,887,156",49.817.492,15.472.962,"97,14","91,85","101,01","106,34","107,75","106,66","105,00","104,23","106,71","111,28","115,19","117,48","115,01","122,91","128,37","126,57","125,69","128,25","127,48","123,95","127,03","127,16","116,57","125,43","130,83","135,00","131,63","132,67","140,13","145,71","148,88","164,21"
Kuwait,240,KW,8.40%,"17,818",25,13.94,965,Kuwait City,"98,73",126.6,1.10%,KWD,02.08,0.40%,$0.35,"$134,761,198,946",92.40%,54.40%,6.7,Kuwait City,75.4,12,$0.95,Modern Standard Arabic,14.40%,2.58,"4,207,083",73.50%,1.40%,13.00%,2.18%,"4,207,083",2.931.166,47.481.766,"106,13","99,78","104,36","97,05","95,94","101,90","92,45","75,62","83,72","101,77","86,26","89,27","86,95","82,30","74,88","73,39","71,17","63,11","59,62","57,98","57,49","53,39","53,82","51,56","54,67","49,91","54,59","55,23","49,13","29,65","14,92","37,81"
Colombia,46,CO,40.30%,"1,138,910",481,14.88,57,Bogota,"97,81",140.95,3.50%,COP,1.81,52.70%,$0.68,"$323,802,808,108",114.50%,55.30%,12.2,Bogot�,77.1,83,$1.23,Spanish,18.30%,2.18,"50,339,443",68.80%,14.40%,71.20%,9.71%,"40,827,302",4.570.868,-74.297.333,"91,70","85,53","96,44","82,43","79,69","98,73","95,47","97,86","88,10","80,26","76,08","76,28","72,56","66,65","60,18","62,00","60,06","54,57","57,09","55,43","55,94","56,26","54,76","65,16","64,50","59,77","58,78","66,79","63,34","61,49","56,65","56,90"
Belgium,383,BE,44.60%,"30,528",32,10.3,32,City of Brussels,"96,89",117.11,1.40%,EUR,1.62,22.60%,$1.43,"$529,606,710,418",103.90%,79.70%,2.9,Brussels,81.6,5,$10.31,French,17.60%,03.07,"11,484,055",53.60%,24.00%,55.40%,5.59%,"11,259,082",50.503.887,4.469.936,"95,72","90,37","99,43","99,87","99,13","99,60","101,06","96,89","102,67","102,36","105,02","114,56","107,73","120,18","120,48","123,88","125,64","128,78","128,25","126,86","126,06","126,72","124,70","130,21","123,98","129,47","125,93","124,80","121,42","122,49","123,36","120,29"
Uzbekistan,79,UZ,62.90%,"447,4",68,23.3,998,Tashkent,"91,81",,,UZS,2.42,7.50%,$1.03,"$57,921,286,440",104.20%,10.10%,19.1,Tashkent,71.6,29,$0.24,Uzbek,42.70%,2.37,"33,580,650",65.10%,14.80%,31.60%,5.92%,"16,935,729",41.377.491,64.585.262,"121,63","118,24","118,80","116,46","108,93","110,14","103,70","107,40","112,28","118,85","113,28","104,16","105,99","123,41","119,90","119,52","116,58","125,12","125,94","127,52","122,59","120,99","121,74","118,50","106,63","105,55","102,66","107,98","115,62","110,98","102,75","103,37"
Chile,26,CL,21.20%,"756,096",122,12.43,56,Santiago,"85,82",131.91,2.60%,CLP,1.65,24.30%,$1.03,"$282,318,159,745",101.40%,88.50%,6.2,Santiago,80,13,$2.00,Spanish,32.20%,2.59,"18,952,038",62.60%,18.20%,34.00%,7.09%,"16,610,135",-35.675.147,-71.542.969,"85,45","83,83","91,96","84,47","84,07","84,24","81,76","77,59","81,74","79,62","78,06","71,31","65,90","70,80","70,68","63,95","60,93","59,03","54,86","54,47","52,56","58,10","60,89","56,79","55,43","47,61","41,07","37,52","33,95","31,98","30,95","32,89"
Bangladesh,1,BD,70.60%,"148,46",221,18.18,880,Dhaka,"84,25",179.68,5.60%,BDT,02.04,11.00%,$1.12,"$302,571,254,131",116.50%,20.60%,25.1,Dhaka,72.3,173,$0.51,Bengali,71.80%,0.58,"167,310,838",59.00%,8.80%,33.40%,4.19%,"60,987,417",23.684.994,90.356.331,"93,18","90,83","91,66","82,49","80,73","76,19","73,16","66,01","61,80","60,71","56,56","53,99","49,15","45,30","42,64","41,69","37,68","35,95","33,46","31,98","31,03","26,52","25,07","23,20","23,13","21,49","21,04","17,54","16,06","15,38","14,74","14,08"
Turkmenistan,13,TM,72.00%,"488,1",42,23.83,993,Ashgabat,"70,63",,,TMT,2.79,8.80%,$0.29,"$40,761,142,857",88.40%,8.00%,39.3,Ashgabat,68.1,7,$0.88,Turkmen,71.10%,2.22,"5,942,089",64.50%,,,3.91%,"3,092,738",38.969.719,59.556.278,"83,01","72,04","74,76","73,25","73,36","73,46","73,70","71,78","70,61","69,14","62,18","57,11","50,17","56,67","46,76","46,87","45,44","46,45","37,57","27,82","32,16","37,47","37,61","32,03","30,56","30,60","33,93","33,44","27,52","31,99","32,64","31,31"
Romania,84,RO,58.80%,"238,391",126,9.6,40,Bucharest,"69,26",123.78,3.80%,RON,1.71,30.10%,$1.16,"$250,077,444,017",85.20%,49.40%,6.1,Bucharest,75.4,19,$2.25,Romanian,21.30%,2.98,"19,356,544",54.70%,14.60%,20.00%,3.98%,"10,468,793",45.943.161,2.496.676,"79,33","74,14","77,03","80,52","80,04","77,01","78,00","78,45","78,93","90,24","91,75","84,63","87,00","105,85","107,89","103,18","100,24","102,11","102,84","98,36","98,15","92,67","88,36","104,40","117,96","128,94","125,58","120,54","122,28","131,51","141,92","173,46"
Kiribati,147,KI,42.00%,811,,27.89,686,South Tarawa,"66,00",99.55,0.60%,AUD,3.57,15.00%,,"$194,647,202",101.30%,,41.2,South Tarawa,68.1,92,,English,0.20%,0.2,"117,606",,22.00%,32.70%,,"64,489",18.368.976,-1.573.768.317,"0,07","0,07","0,07","0,07","0,07","0,05","0,05","0,06","0,05","0,05","0,05","0,06","0,05","0,07","0,06","0,07","0,06","0,05","0,05","0,04","0,03","0,03","0,03","0,03","0,03","0,03","0,03","0,03","0,03","0,03","0,02","0,02"
Israel,400,IL,24.60%,"20,77",178,20.8,972,Jerusalem,"65,17",108.15,0.80%,ILS,03.09,7.70%,$1.57,"$395,098,666,122",104.90%,63.40%,3,Jerusalem,82.8,3,$7.58,Hebrew,24.40%,4.62,"9,053,300",64.00%,23.10%,25.30%,3.86%,"8,374,393",31.046.051,34.851.612,"54,53","55,01","58,65","60,26","58,84","61,16","62,94","60,28","63,10","74,78","68,59","68,29","63,86","67,98","62,80","62,15","56,52","58,68","62,41","59,30","63,02","59,52","54,76","56,01","54,87","51,94","49,87","47,47","44,23","42,08","36,15","35,82"
Oman,16,OM,4.60%,"309,5",47,19.19,968,Muscat,"63,46",113.53,0.10%,OMR,2.89,0.00%,$0.45,"$76,983,094,928",103.40%,38.00%,9.8,Seeb,77.6,19,$4.33,Arabic,6.40%,2,"5,266,535",72.40%,2.50%,27.40%,2.67%,"4,250,777",214.735.329,55.975.413,"80,99","72,51","72,18","72,56","68,62","65,67","67,38","65,90","65,25","62,71","55,10","50,32","43,48","46,09","43,97","39,05","29,47","27,59","32,03","25,23","20,11","21,54","20,56","16,30","15,25","14,88","15,72","15,05","13,22","11,89","11,59","11,22"
Greece,81,GR,47.60%,"131,957",146,8.1,30,Athens,"62,43",101.87,0.20%,EUR,1.35,31.70%,$1.54,"$209,852,761,469",99.60%,136.60%,3.6,Macedonia,81.3,3,$4.46,Greek,35.50%,5.48,"10,716,322",51.80%,26.20%,51.90%,17.24%,"8,507,474",39.074.208,21.824.312,"56,31","55,61","65,76","71,78","74,85","71,36","74,93","78,64","81,71","91,39","94,51","97,35","104,32","111,08","114,55","112,42","113,89","109,49","109,07","105,00","105,36","102,97","97,93","98,62","93,80","89,11","86,96","86,43","84,28","84,98","83,41","83,44"
Austria,109,AT,32.40%,"83,871",21,9.7,43,Vienna,"61,45",118.06,1.50%,EUR,1.47,46.90%,$1.20,"$446,314,739,528",103.10%,85.10%,2.9,Vienna,81.6,5,,German,17.90%,5.17,"8,877,067",60.70%,25.40%,51.40%,4.67%,"5,194,416",47.516.231,14.550.072,"64,63","62,04","67,94","66,56","69,59","67,21","66,35","64,16","67,76","67,27","69,89","72,01","67,30","73,48","74,11","76,81","79,08","77,68","77,46","71,95","70,15","66,15","65,65","66,90","67,26","67,37","64,02","61,05","60,67","60,24","65,74","62,15"
Morocco,83,MA,68.50%,"446,55",246,18.94,212,Rabat,"61,28",111.07,0.20%,MAD,2.42,12.60%,$0.99,"$118,725,279,596",113.90%,35.90%,19.2,Casablanca,76.5,70,$1.60,Arabic,53.10%,0.73,"36,910,560",45.30%,21.90%,45.80%,9.02%,"22,975,026",31.791.702,-709.262,"70,58","64,72","68,61","63,01","61,47","58,46","58,50","57,17","56,61","56,95","54,87","54,37","50,86","51,37","48,91","46,25","44,66","42,23","36,57","37,31","36,81","33,20","31,99","30,88","29,98","29,52","28,75","28,12","26,78","24,74","23,69","22,30"
Belarus,47,BY,42.00%,"207,6",155,9.9,375,Minsk,"58,28",,5.60%,BYN,1.45,42.60%,$0.60,"$63,080,457,023",100.50%,87.40%,2.6,Minsk,74.2,2,$1.49,Russian,34.50%,5.19,"9,466,856",64.10%,14.70%,53.30%,4.59%,"7,482,982",53.709.807,27.953.389,"59,60","58,59","62,04","62,09","59,26","58,13","58,80","63,65","64,13","62,55","61,31","62,45","60,58","62,84","60,22","61,74","59,31","58,25","55,09","53,84","54,00","54,91","57,97","60,07","61,59","61,73","60,91","67,88","80,56","93,48","104,07","108,35"
Peru,26,PE,18.50%,"1,285,216",158,17.95,51,Lima,"57,41",129.78,2.10%,PEN,2.25,57.70%,$0.99,"$226,848,050,820",106.90%,70.70%,11.1,Lima,76.5,88,$1.28,Spanish,30.90%,1.27,"32,510,453",77.60%,14.30%,36.80%,3.31%,"25,390,339",-9.189.967,-75.015.152,"56,28","47,49","57,68","55,16","53,73","52,81","49,23","49,39","43,02","45,51","48,92","57,17","51,32","40,81","34,67","28,43","36,93","31,71","26,21","27,01","26,98","30,10","29,17","27,61","27,29","24,22","24,67","23,76","23,88","20,99","20,76","21,40"
Libya,4,LY,8.70%,"1,759,540",0,18.83,218,,"50,56",125.71,2.60%,LYD,2.24,0.10%,$0.11,"$52,076,250,948",109.00%,60.50%,10.2,,72.7,72,$1.88,Arabic,36.70%,02.09,"6,777,452",49.70%,,32.60%,18.56%,"5,448,597",263.351,17.228.331,"74,53","58,57","69,24","54,02","53,44","51,65","54,55","60,60","43,46","55,28","49,21","60,65","53,12","53,59","49,98","53,26","56,99","50,63","49,47","48,19","48,46","47,51","45,05","45,81","45,51","44,51","45,69","43,75","38,71","37,02","42,62","36,51"
Portugal,111,PT,39.50%,"92,212",52,8.5,351,Lisbon,"48,74",110.62,0.30%,EUR,1.38,34.60%,$1.54,"$237,686,075,635",106.20%,63.90%,3.1,Lisbon,81.3,8,$3.78,Portuguese,27.70%,5.12,"10,269,417",58.80%,22.80%,39.80%,6.33%,"6,753,579",39.399.872,-8.224.454,"40,80","41,80","47,62","51,46","55,21","50,44","52,27","47,95","48,16","49,96","51,80","53,00","57,21","60,11","62,44","64,92","69,72","67,39","64,54","69,64","65,24","65,69","66,90","59,25","54,69","51,82","54,52","50,26","49,48","50,97","47,14","45,33"
Finland,18,FI,7.50%,"338,145",25,8.6,358,Helsinki,"45,87",112.33,1.00%,EUR,1.41,73.10%,$1.45,"$268,761,201,365",100.20%,88.20%,1.4,Helsinki,81.7,3,,Swedish,19.90%,3.81,"5,520,314",59.10%,20.80%,36.60%,6.59%,"4,716,888",6.192.411,25.748.151,"37,60","37,60","42,38","45,80","44,58","47,18","44,10","47,60","51,70","51,15","56,64","64,08","55,91","58,62","66,76","68,37","57,05","68,94","72,65","65,04","62,51","57,01","58,87","59,35","62,70","64,03","58,12","61,73","56,31","54,27","55,19","56,91"
Hungary,107,HU,58.40%,"93,028",40,9.6,36,Budapest,"45,54",121.64,3.30%,HUF,1.54,22.90%,$1.18,"$160,967,157,504",100.80%,48.50%,3.6,Budapest,75.8,12,$2.62,Hungarian,29.00%,3.41,"9,769,949",56.50%,23.00%,37.90%,3.40%,"6,999,582",47.162.494,19.503.304,"48,45","47,28","49,23","49,46","49,52","47,11","46,65","43,73","43,61","46,76","50,19","52,07","51,46","57,25","58,55","59,63","60,28","60,13","61,76","59,00","59,97","58,37","61,66","61,16","61,62","63,02","61,39","61,79","63,39","62,08","69,66","73,23"
Trinidad and Tobago,273,TT,10.50%,"5,128",4,12.94,1,Port of Spain,"43,87",141.75,1.00%,TTD,1.73,46.00%,$0.54,"$24,100,202,834",106.20%,12.00%,16.4,Chaguanas,73.4,67,$2.25,English,37.30%,4.17,"1,394,973",60.00%,19.50%,40.50%,2.69%,"741,944",10.691.803,-61.222.503,"36,12","35,76","40,77","40,33","40,32","39,89","45,56","46,89","45,82","46,18","46,68","46,96","44,22","44,10","45,23","42,41","37,94","32,58","32,25","28,59","26,57","24,19","22,46","19,75","20,56","20,77","16,46","17,02","17,41","19,10","16,97","16,98"
Sweden,25,SE,7.40%,"450,295",30,11.4,46,Stockholm,"43,25",110.51,1.80%,SEK,1.76,68.90%,$1.42,"$530,832,908,738",126.60%,67.00%,2.2,S�����,82.5,4,,Swedish,15.20%,3.98,"10,285,453",64.60%,27.90%,49.10%,6.48%,"9,021,165",60.128.161,18.643.501,"35,85","36,52","40,98","42,09","42,70","43,42","43,74","43,48","45,35","46,92","49,41","53,29","47,42","51,07","53,15","53,89","54,07","56,68","57,37","56,79","55,82","54,89","56,03","58,89","58,43","63,52","59,61","60,19","57,73","57,69","57,95","57,58"
Bulgaria,64,BG,46.30%,"110,879",31,8.9,359,Sofia,"41,71",114.42,3.10%,BGN,1.56,35.40%,$1.11,"$86,000,000,000",89.30%,71.00%,5.9,Sofia,74.9,10,$1.57,Bulgarian,47.70%,04.03,"6,975,761",55.40%,20.20%,28.30%,4.34%,"5,256,027",42.733.883,2.548.583,"42,56","36,97","42,26","43,62","47,57","45,48","48,26","45,27","42,68","48,34","53,17","47,86","45,81","54,08","55,74","51,89","50,65","49,58","50,53","46,16","48,98","45,46","46,38","53,17","55,86","58,50","57,95","56,40","58,43","57,37","61,52","76,70"
Ecuador,71,EC,22.20%,"283,561",41,19.72,593,Quito,"41,16",124.14,0.30%,USD,2.43,50.20%,$0.61,"$107,435,665,000",103.30%,44.90%,12.2,Quito,76.8,59,$2.46,Spanish,43.70%,02.04,"17,373,662",68.00%,,34.40%,3.97%,"11,116,711",-1.831.239,-78.183.406,"41,32","34,46","40,26","38,25","40,08","40,18","41,28","43,73","39,65","37,41","37,40","34,83","32,50","29,57","33,69","29,09","29,97","28,79","26,75","24,75","22,94","20,56","21,36","22,31","18,21","24,02","22,69","13,54","24,09","21,96","16,16","16,46"
Norway,15,NO,2.70%,"323,802",23,10.4,47,Oslo,"41,02",120.27,2.20%,NOK,1.56,33.20%,$1.78,"$403,336,363,636",100.30%,82.00%,2.1,Oslo,82.8,2,,Norwegian,14.30%,2.92,"5,347,896",63.80%,23.90%,36.20%,3.35%,"4,418,218",60.472.024,8.468.946,"40,92","41,20","42,78","44,39","44,24","44,77","45,59","45,05","44,59","44,30","44,79","45,69","43,23","44,80","45,67","43,93","43,34","44,31","43,98","42,59","43,53","42,15","42,64","41,87","41,73","41,57","38,51","37,91","0,00","34,46","33,54","35,10"
Azerbaijan,123,AZ,57.70%,"86,6",82,14,994,Baku,"37,62",156.32,2.60%,AZN,1.73,14.10%,$0.56,"$39,207,000,000",99.70%,27.70%,19.2,Baku,72.9,26,$0.47,Azerbaijani language,78.60%,3.45,"10,023,318",66.50%,13.00%,40.70%,5.51%,"5,616,165",40.143.105,47.576.927,"38,49","37,51","37,74","34,58","34,61","34,73","34,68","34,35","33,56","32,77","32,98","30,63","31,86","35,45","30,46","39,11","34,29","32,08","30,62","29,64","28,79","29,51","28,57","31,67","29,80","31,24","33,31","41,94","48,41","56,17","49,96","51,33"
Singapore,8,SG,0.90%,716,81,8.8,65,,"37,54",114.41,0.60%,SGD,1.14,23.10%,$1.25,"$372,062,527,489",100.60%,84.80%,2.3,,83.1,8,,Malay,36.70%,2.29,"5,703,569",70.50%,13.10%,21.00%,4.11%,"5,703,569",1.352.083,103.819.836,"32,51","29,91","29,92","46,02","37,16","35,65","56,47","52,25","50,88","48,33","31,21","55,07","43,13","59,99","47,18","46,47","40,32","46,86","49,44","47,09","49,20","48,39","49,20","47,41","56,74","48,01","40,55","60,09","49,66","47,44","44,24","43,54"
Angola,26,AO,47.50%,"1,246,700",117,40.73,244,Luanda,"34,69",261.73,17.10%,AOA,5.52,46.30%,$0.97,"$94,635,415,870",113.50%,9.30%,51.6,Luanda,60.8,241,$0.71,Portuguese,33.40%,0.21,"31,825,295",77.50%,9.20%,49.10%,6.89%,"21,061,025",-11.202.692,17.873.887,"21,36","20,28","21,82","22,78","24,30","27,21","25,53","25,15","24,72","25,54","30,33","28,86","27,56","25,49","24,98","22,10","19,01","18,70","8,99","12,60","9,67","9,52","9,13","7,27","7,35","10,42","10,95","3,86","5,75","5,16","5,06","5,09"
Switzerland,219,CH,38.40%,"41,277",21,10,41,Bern,"34,48",99.55,0.40%,CHF,1.52,31.80%,$1.45,"$703,082,435,360",105.20%,59.60%,3.7,Z���,83.6,5,,German,28.30%,4.3,"8,574,832",68.30%,10.10%,28.80%,4.58%,"6,332,428",46.818.188,8.227.512,"34,93","34,24","36,73","36,87","38,18","39,19","38,73","39,23","43,19","42,25","40,99","45,05","43,54","44,71","43,37","45,37","45,78","45,24","44,65","43,46","45,08","43,62","44,45","44,62","43,05","44,11","43,42","42,68","43,61","46,02","46,13","44,16"
New Zealand,18,NZ,40.50%,"268,838",9,11.98,64,Wellington,"34,38",114.24,1.60%,NZD,1.71,38.60%,$1.40,"$206,928,765,544",100.00%,82.00%,4.7,Auckland,81.9,9,$11.49,English,12.60%,3.59,"4,841,000",69.90%,29.00%,34.60%,4.07%,"4,258,860",-40.900.557,174.885.971,"33,79","34,46","37,12","35,70","35,69","34,15","35,81","35,44","35,24","35,95","34,27","34,81","34,62","37,51","36,41","37,33","37,42","35,84","36,24","34,54","34,38","32,25","31,47","29,86","31,28","29,30","28,00","27,90","27,76","28,17","26,18","25,50"
Slovakia,114,SK,39.20%,"49,035",16,10.6,421,Bratislava,"32,42",115.34,2.70%,EUR,1.52,40.40%,$1.32,"$105,422,304,976",98.70%,46.60%,4.6,Bratislava,77.2,5,$3.11,Slovak,18.40%,3.42,"5,454,073",59.50%,18.70%,49.70%,5.56%,"2,930,419",48.669.026,19.699.024,"35,31","31,09","33,78","36,10","36,11","34,91","34,47","33,66","35,57","35,91","37,98","38,40","37,62","41,36","40,97","42,55","42,79","42,78","42,29","41,96","43,22","41,14","43,04","43,82","44,10","44,02","44,14","43,75","46,35","48,88","53,28","61,47"
Denmark,137,DK,62.00%,"43,094",15,10.6,45,Copenhagen,"31,79",110.35,0.80%,DKK,1.73,14.70%,$1.55,"$348,078,018,464",101.30%,80.60%,3.6,Copenhagen,81,4,,Danish,13.70%,04.01,"5,818,553",62.20%,32.40%,23.80%,4.91%,"5,119,978",5.626.392,9.501.785,"29,58","28,28","30,96","34,72","34,78","37,03","35,23","37,58","41,77","39,87","44,25","49,20","48,85","51,26","54,71","59,49","51,53","55,10","60,65","55,55","55,90","54,31","58,65","61,24","65,47","74,87","61,61","64,70","60,64","58,39","64,20","53,58"
Bahrain,2,BH,11.10%,765,19,13.99,973,Manama,"31,69",117.59,2.10%,BHD,1.99,0.80%,$0.43,"$38,574,069,149",99.40%,50.50%,6.1,Riffa,77.2,14,,Arabic,25.10%,0.93,"1,501,635",73.40%,4.20%,13.80%,0.71%,"1,467,109",260.667,505.577,"39,02","37,60","37,81","32,79","32,84","31,56","32,46","30,90","31,16","27,12","28,47","29,08","28,10","29,68","26,77","19,42","19,80","17,88","16,77","15,87","14,08","18,79","17,99","18,37","17,29","15,59","14,79","14,75","14,61","10,87","11,86","12,41"
Tunisia,76,TN,64.80%,"163,61",48,17.56,216,Tunis,"29,94",155.33,6.70%,TND,2.2,6.80%,$0.73,"$38,797,709,924",115.40%,31.70%,14.6,Tunis,76.5,43,$0.47,Arabic,39.80%,1.3,"11,694,719",46.10%,21.10%,60.70%,16.02%,"8,099,061",33.886.917,9.537.499,"31,58","27,58","29,70","30,00","30,49","29,88","30,27","28,67","27,58","27,14","25,53","27,10","24,32","24,33","23,68","22,60","22,27","21,93","20,93","20,56","20,55","19,67","18,12","17,81","16,75","16,58","15,55","15,78","16,35","14,89","15,36","13,13"
Syria,95,SY,75.80%,"185,18",239,23.69,963,Damascus,"28,83",143.2,36.70%,SYP,2.81,2.70%,$0.83,"$40,405,006,007",81.70%,40.10%,14,Damascus,71.8,31,$1.02,Arabic,53.70%,1.22,"17,070,135",44.10%,14.20%,42.70%,8.37%,"9,358,019",34.802.075,38.996.815,"27,00","26,16","27,48","30,23","32,61","29,00","28,59","30,92","34,01","47,80","57,78","60,72","61,56","66,88","65,72","52,84","49,88","50,38","53,58","38,44","48,14","50,48","51,77","49,76","45,38","42,32","41,20","46,19","45,22","42,56","42,20","37,05"
Cuba,106,CU,59.90%,"110,86",76,10.17,53,Havana,"28,28",,,CUP,1.62,31.30%,$1.40,"$100,023,000,000",101.90%,41.40%,3.7,Havana,78.7,36,$0.05,Spanish,,8.42,"11,333,483",53.60%,,,1.64%,"8,739,135",21.521.757,-77.781.167,"22,06","19,73","22,84","22,63","25,22","28,26","29,47","27,61","28,12","29,84","29,43","34,20","28,40","28,11","24,24","24,69","24,44","25,22","25,94","25,52","25,22","25,78","24,47","24,29","24,81","23,33","22,84","21,38","19,82","20,59","27,17","29,65"
North Korea,214,KP,21.80%,"120,538","1,469,000",13.89,850,Pyongyang,"28,28",,,KPW,1.9,40.70%,$0.58,"$32,100,000,000",112.80%,27.00%,13.7,Pyongyang,72.1,89,,Korean,,3.67,"25,666,161",80.40%,,,2.74%,"15,947,412",40.339.852,127.510.093,"56,38","55,34","52,76","47,63","51,74","27,57","24,62","30,54","27,01","37,57","36,19","50,09","53,46","70,33","63,48","76,17","75,01","71,72","70,14","68,64","71,66","69,16","64,14","58,75","63,68","66,29","76,08","81,58","89,58","97,98","112,82","118,38"
Mongolia,2,MN,71.50%,"1,564,116",18,24.13,976,Ulaanbaatar,"25,37",195.76,7.30%,MNT,2.9,8.00%,$0.72,"$13,852,850,259",104.00%,65.60%,14,Ulaanbaatar,69.7,45,$0.65,Mongolian,39.30%,2.86,"3,225,167",59.70%,16.80%,25.70%,6.01%,"2,210,626",46.862.496,103.846.656,"50,32","49,61","47,25","45,32","34,14","25,63","23,28","29,63","43,48","35,00","21,37","13,77","13,03","11,92","11,96","9,28","8,52","8,50","7,93","8,20","7,80","7,43","7,49","7,62","7,62","7,94","7,84","7,86","9,19","10,94","11,96","9,79"
Myanmar,83,MM,19.50%,"676,578",513,17.55,95,Naypyidaw,"25,28",168.18,8.80%,MMK,2.15,43.60%,$0.54,"$76,085,852,617",112.30%,18.80%,36.8,Yangon,66.9,250,$0.39,Burmese,73.90%,0.68,"54,045,420",61.70%,5.40%,31.20%,1.58%,"16,674,093",21.916.221,95.955.974,"36,31","36,09","34,61","34,78","23,63","21,14","21,89","15,85","12,72","11,82","15,04","13,08","10,16","9,73","12,80","12,78","11,52","12,51","9,94","9,29","8,83","10,18","8,93","8,04","7,44","7,20","6,91","6,20","5,30","4,84","4,14","4,24"
Dominican Republic,225,DO,48.70%,"48,67",71,19.51,1,Santo Domingo,"25,26",135.5,1.80%,DOP,2.35,41.70%,$1.07,"$88,941,298,258",105.70%,59.90%,24.1,Santo Domingo,73.9,95,$0.40,Spanish,43.70%,1.56,"10,738,958",64.30%,13.00%,48.80%,5.84%,"8,787,475",18.735.693,-70.162.651,"28,92","26,38","28,36","25,76","24,02","24,64","23,49","21,80","21,27","21,25","21,32","20,55","19,78","20,33","19,99","19,11","17,94","17,33","21,35","20,95","19,14","18,99","17,82","17,79","17,27","16,48","15,11","11,80","11,21","10,42","9,54","8,94"
Jordan,115,JO,12.00%,"89,342",116,21.98,962,Amman,"25,11",125.6,0.80%,JOD,2.76,1.10%,$1.10,"$43,743,661,972",81.50%,34.40%,13.9,Amman,74.4,46,$1.49,Arabic,25.10%,2.32,"10,101,694",39.30%,15.10%,28.60%,14.72%,"9,213,048",30.585.164,36.238.414,"25,59","24,94","26,33","24,96","25,43","24,25","25,56","25,90","23,82","23,81","21,24","20,62","21,34","20,72","21,44","20,53","20,44","18,67","16,98","16,42","15,61","15,20","14,27","14,25","14,07","13,83","13,21","13,25","11,77","11,98","9,90","10,48"
Lebanon,667,LB,64.30%,"10,4",80,17.55,961,Beirut,"24,80",130.02,3.00%,LBP,02.09,13.40%,$0.74,"$53,367,042,272",95.10%,26.30%,6.4,"Tripoli, Lebanon",78.9,29,$2.15,Arabic,32.10%,2.1,"6,855,713",47.00%,15.30%,32.20%,6.23%,"6,084,994",33.854.721,35.862.285,"24,96","24,48","26,40","26,20","27,85","26,46","25,73","23,99","22,16","22,33","20,26","20,00","20,96","17,42","13,75","14,79","16,65","17,21","18,53","16,24","16,41","15,47","16,43","16,29","15,10","12,75","12,25","11,11","10,35","9,73","8,12","7,87"
Sri Lanka,341,LK,43.70%,"65,61",317,15.83,94,Colombo,"23,36",155.53,3.50%,LKR,2.2,32.90%,$0.88,"$84,008,783,756",100.20%,19.60%,6.4,Colombo,76.8,36,$0.35,Tamil,38.40%,1,"21,803,000",53.90%,11.90%,55.20%,4.20%,"4,052,088",7.873.054,80.771.797,"20,78","21,70","22,22","20,99","23,03","23,02","19,83","17,69","14,68","15,80","14,89","13,05","12,94","11,99","12,15","11,79","11,94","12,15","10,95","10,95","10,33","10,13","8,52","7,74","7,52","6,97","5,81","5,44","4,98","5,11","4,14","3,83"
Bosnia and Herzegovina,64,BA,43.10%,"51,197",11,8.11,387,Sarajevo,"21,85",104.9,0.60%,BAM,1.27,42.70%,$1.05,"$20,047,848,435",,23.30%,5,Tuzla Canton,77.3,10,$1.04,Bosnian,28.60%,2.16,"3,301,000",46.40%,20.40%,23.70%,18.42%,"1,605,144",43.915.886,17.679.076,"13,57","20,93","20,81","22,08","22,16","21,73","18,46","19,31","21,80","22,13","23,76","21,15","20,54","19,96","17,47","17,39","16,05","15,46","14,36","14,17","13,26","13,70","10,33","10,55","8,37","4,24","3,40","3,20","12,58","15,03","13,73","19,41"
Bolivia,11,BO,34.80%,"1,098,581",71,21.75,591,Sucre,"21,61",148.32,1.80%,BOB,2.73,50.30%,$0.71,"$40,895,322,865",98.20%,,21.8,Santa Cruz de la Sierra,71.2,155,$1.36,Spanish,25.90%,1.59,"11,513,100",71.80%,17.00%,83.70%,3.50%,"8,033,035",-16.290.154,-63.588.653,"23,32","21,07","23,24","23,80","23,48","22,68","21,24","20,68","18,99","17,77","17,08","15,50","14,26","13,58","12,70","11,56","11,16","10,02","9,95","8,28","8,17","8,47","10,48","10,93","10,83","12,61","12,43","12,58","11,55","11,01","10,50","10,01"
Sudan,25,SD,28.70%,"1,861,484",124,32.18,249,Khartoum,"20,00","1,344.19",51.00%,SDG,4.41,8.10%,$0.95,"$18,902,284,476",76.80%,16.90%,42.1,Omdurman,65.1,295,$0.41,Arabic,63.20%,0.26,"42,813,238",48.40%,8.00%,45.40%,16.53%,"14,957,233",12.862.807,30.217.636,"21,04","20,04","21,95","21,86","22,43","20,04","21,19","17,54","17,01","15,21","14,02","14,40","14,19","13,63","12,90","10,98","10,03","10,47","8,28","7,42","5,82","5,06","4,65","4,29","4,94","4,03","3,90","3,78","2,75","3,99","4,47","4,77"
Kenya,94,KE,48.50%,"580,367",29,28.75,254,Nairobi,"17,91",180.51,4.70%,KES,3.49,7.80%,$0.95,"$95,503,088,538",103.20%,11.50%,30.6,Nairobi,66.3,342,$0.25,Swahili,33.40%,0.16,"52,573,973",74.70%,15.10%,37.20%,2.64%,"14,461,523",-23.559,37.906.193,"19,88","18,28","19,18","18,17","17,02","17,39","16,30","13,88","12,91","11,97","12,93","11,74","11,97","9,91","9,54","9,34","8,34","7,44","6,59","7,82","9,24","10,39","10,03","9,90","8,12","9,15","7,41","6,42","6,21","5,40","4,71","5,69"
Laos,32,LA,10.30%,"236,8",129,23.55,856,Vientiane,"17,76",135.87,3.30%,LAK,2.67,82.10%,$0.93,"$18,173,839,128",102.40%,15.00%,37.6,Vientiane,67.6,185,$0.83,Lao,45.40%,0.37,"7,169,455",78.50%,12.90%,24.10%,0.63%,"2,555,552",1.985.627,102.495.496,"20,78","20,49","19,60","20,56","19,68","16,46","9,23","4,45","4,26","3,40","3,17","3,00","2,67","2,13","1,84","1,76","1,34","1,28","1,22","1,17","1,06","0,96","0,85","0,82","0,79","0,75","0,67","0,63","0,61","0,59","0,55","0,51"
Croatia,73,HR,27.60%,"56,594",18,9,385,Zagreb,"17,49",109.82,0.80%,HRK,1.47,34.40%,$1.26,"$60,415,553,039",96.50%,67.90%,4,Zagreb,78.1,8,$2.92,Croatian,15.20%,3,"4,067,500",51.20%,22.00%,20.50%,6.93%,"2,328,318",45.1,15.2,"17,70","16,87","17,86","17,72","18,74","18,11","17,82","17,68","18,43","19,09","20,65","21,02","21,80","23,59","24,86","23,55","23,34","22,89","23,22","21,89","20,79","19,66","20,02","19,01","18,56","17,34","16,82","16,05","16,81","16,37","16,99","22,98"
Guatemala,167,GT,36.00%,"108,889",43,24.56,502,Guatemala City,"16,78",142.92,3.70%,GTQ,2.87,32.70%,$0.79,"$76,710,385,880",101.90%,21.80%,22.1,Guatemala City,74.1,95,$1.60,Spanish,55.80%,0.35,"16,604,026",62.30%,10.60%,35.20%,2.46%,"8,540,945",15.783.471,-90.230.759,"20,33","17,60","19,76","18,69","17,32","16,93","15,95","13,83","12,81","11,58","11,24","11,10","11,44","10,89","12,14","12,18","12,11","11,18","10,45","10,72","10,23","9,76","8,81","8,64","7,50","6,57","7,08","6,75","5,58","5,92","4,95","4,97"
Ghana,137,GH,69.00%,"238,533",16,29.41,233,Accra,"16,67",268.36,7.20%,GHS,3.87,41.20%,$0.92,"$66,983,634,224",104.80%,15.70%,34.9,Accra,63.8,308,$0.27,English,36.10%,0.14,"30,792,608",67.80%,12.60%,55.40%,4.33%,"17,249,054",7.946.527,-1.023.194,"21,31","19,65","18,71","17,10","13,94","15,56","16,03","14,98","14,34","14,38","11,23","9,71","7,50","8,93","9,62","9,16","6,80","7,15","7,44","7,23","6,73","6,10","6,37","6,24","6,20","5,47","5,15","5,09","4,31","3,66","4,21","3,79"
Estonia,31,EE,23.10%,"45,228",6,10.9,372,Tallinn,"16,59",122.14,2.30%,EUR,1.59,51.30%,$1.14,"$31,386,949,981",97.20%,69.60%,2.1,Tallinn,78.2,9,$3.14,Estonian,22.80%,4.48,"1,331,824",63.60%,20.90%,47.80%,5.11%,"916,024",58.595.272,25.013.607,"10,45","9,34","12,38","17,94","18,76","17,56","15,85","18,86","19,70","17,79","18,98","19,00","14,44","17,89","19,97","16,45","17,11","17,34","17,28","15,38","15,90","15,50","15,96","16,94","18,68","19,04","18,07","20,05","19,44","24,42","34,14","36,92"
Ethiopia,115,ET,36.30%,"1,104,300",138,32.34,251,Addis Ababa,"14,87",143.86,15.80%,ETB,4.25,12.50%,$0.75,"$96,107,662,398",101.00%,8.10%,39.1,Addis Ababa,66.2,401,,Amharic,37.80%,0.08,"112,078,730",79.60%,7.50%,37.70%,2.08%,"23,788,710",9.145,40.489.673,"17,79","17,04","18,30","15,81","15,55","14,35","12,70","12,02","9,78","8,11","7,40","6,34","6,45","6,42","5,84","5,32","4,96","5,16","4,87","4,43","4,26","3,46","3,09","3,15","2,98","2,79","2,51","2,20","2,99","2,94","2,96","2,99"
Lithuania,43,LT,47.20%,"65,3",34,10,370,Vilnius,"12,96",118.38,2.30%,EUR,1.63,34.80%,$1.16,"$54,219,315,600",103.90%,72.40%,3.3,Vilnius,75.7,8,$2.41,Lithuanian,32.10%,6.35,"2,786,844",61.60%,16.90%,42.60%,6.35%,"1,891,013",55.169.438,23.881.275,"13,88","13,65","13,92","13,69","13,57","13,35","13,32","13,11","13,36","14,35","14,29","13,95","13,04","15,20","15,82","14,43","14,12","13,29","12,69","12,70","12,63","11,88","13,48","16,03","15,20","15,77","15,09","15,80","16,35","21,20","37,85","35,77"
Slovenia,103,SI,30.70%,"20,273",7,9.4,386,Ljubljana,"12,63",111.05,1.60%,EUR,1.6,62.00%,$1.32,"$53,742,159,517",100.40%,78.60%,1.7,Ljubljana,81,7,$5.25,Slovene language,12.50%,03.09,"2,087,946",58.40%,18.60%,31.00%,4.20%,"1,144,654",46.151.241,14.995.463,"12,55","12,87","14,05","14,53","14,62","14,46","13,65","13,57","15,13","15,76","16,36","16,46","16,20","18,28","17,34","17,18","16,93","16,70","16,27","16,56","16,30","15,05","15,41","16,04","16,51","16,00","15,35","14,64","14,25","13,88","13,97","15,09"
Tanzania,67,TZ,44.80%,"947,3",28,36.7,255,Dodoma,"11,97",187.43,3.50%,TZS,4.89,51.60%,$0.87,"$63,177,068,175",94.20%,4.00%,37.6,Dar es Salaam,65,524,$0.09,Swahili,26.10%,0.01,"58,005,463",83.40%,11.50%,43.80%,1.98%,"20,011,885",-6.369.028,34.888.822,"13,06","12,29","13,04","11,79","11,40","10,87","10,64","9,90","9,91","9,06","7,75","6,93","5,77","5,91","5,71","5,88","5,36","4,23","3,69","3,49","3,04","2,57","2,46","2,48","2,82","2,53","2,43","2,06","2,43","2,18","2,26","2,11"
Zimbabwe,38,ZW,41.90%,"390,757",51,30.68,263,Harare,"10,98",105.51,0.90%,,3.62,35.50%,$1.34,"$21,440,758,800",109.90%,10.00%,33.9,Harare,61.2,458,,Shona,25.80%,0.21,"14,645,468",83.10%,20.70%,31.60%,4.95%,"4,717,305",-19.015.438,29.154.857,"11,30","10,61","11,11","11,80","9,60","10,53","12,25","11,95","11,67","11,25","10,36","8,75","8,25","7,72","9,84","10,37","10,70","9,43","10,61","11,90","12,51","13,82","15,73","14,13","13,91","14,91","15,03","17,39","16,05","16,71","15,50","15,55"
Senegal,87,SN,46.10%,"196,722",19,34.52,221,Dakar,"10,90",109.25,1.80%,XOF,4.63,42.80%,$1.14,"$23,578,084,052",81.00%,12.80%,31.8,Pikine,67.7,315,$0.31,French,44.20%,0.07,"16,296,364",45.70%,16.30%,44.80%,6.60%,"7,765,706",14.497.401,-14.452.362,"13,60","12,74","12,76","11,33","10,76","10,02","9,85","8,72","7,85","7,36","7,82","6,86","5,26","4,74","4,86","4,42","5,54","5,24","4,93","4,44","4,26","3,90","3,60","3,33","3,18","3,66","3,43","3,84","3,54","3,42","3,38","3,14"
Panama,58,PA,30.40%,"75,42",26,18.98,507,Panama City,"10,72",122.07,-0.40%,,2.46,61.90%,$0.74,"$66,800,800,000",94.40%,47.80%,13.1,Panama City,78.3,52,$1.53,Spanish,30.50%,1.57,"4,246,439",66.60%,,37.20%,3.90%,"2,890,084",8.537.981,-80.782.127,"13,03","11,66","13,42","10,77","11,22","10,44","10,79","10,86","10,51","9,77","9,95","9,07","8,46","7,33","7,35","7,52","6,97","5,71","6,09","5,82","6,95","5,73","5,62","5,90","4,63","4,45","3,65","4,18","3,78","4,11","3,10","2,63"
Yemen,56,YE,44.60%,"527,968",40,30.45,967,Sanaa,"10,61",157.58,8.10%,YER,3.79,1.00%,$0.92,"$26,914,402,224",93.60%,10.20%,42.9,Sanaa,66.1,164,,Arabic,81.00%,0.31,"29,161,922",38.00%,,26.60%,12.91%,"10,869,523",15.552.727,48.516.388,"12,48","12,14","12,68","10,47","10,59","10,90","14,08","26,48","27,16","20,36","20,19","23,15","24,25","22,03","20,72","21,08","19,79","18,65","17,08","15,55","16,02","14,49","13,72","12,06","11,32","10,53","10,35","8,98","8,63","9,87","9,13","9,52"
Georgia,57,GE,34.50%,"69,7",26,13.47,995,Tbilisi,"10,13",133.61,4.90%,GEL,02.06,40.60%,$0.76,"$17,743,195,770",98.60%,63.90%,8.7,Tbilisi,73.6,25,$0.05,Georgian,57.30%,7.12,"3,720,382",68.30%,21.70%,9.90%,14.40%,"2,196,476",42.315.407,43.356.892,"11,01","10,69","10,92","10,06","10,17","10,07","9,76","8,94","8,01","8,25","7,80","6,21","6,14","5,31","6,37","6,10","5,02","4,28","3,74","3,35","3,73","4,50","4,31","4,94","4,43","4,05","2,29","6,07","9,92","15,28","15,87","15,95"
Cambodia,95,KH,30.90%,"181,035",191,22.46,855,Phnom Penh,"9,92",127.63,2.50%,,2.5,52.90%,$0.90,"$27,089,389,787",107.40%,13.70%,24,Phnom Penh,69.6,160,,Khmer language,59.40%,0.17,"16,486,542",82.30%,17.10%,23.10%,0.68%,"3,924,621",12.565.679,104.990.963,"19,03","18,70","18,02","14,39","12,50","10,92","8,37","6,83","5,64","5,58","5,27","5,08","4,56","3,87","3,47","3,00","2,77","2,44","2,38","2,21","2,25","1,97","1,89","1,88","1,47","1,52","1,50","1,43","1,38","1,35","1,30","1,26"
Honduras,89,HN,28.90%,"112,09",23,21.6,504,Tegucigalpa,"9,81",150.34,4.40%,HNL,2.46,40.00%,$0.98,"$25,095,395,475",91.50%,26.20%,15.1,Tegucigalpa,75.1,65,$1.01,Spanish,49.10%,0.31,"9,746,117",68.80%,17.30%,39.10%,5.39%,"5,626,433",15.199.999,-86.241.905,"10,90","9,84","11,23","9,86","10,23","9,72","10,35","9,48","9,36","9,22","8,86","8,00","8,03","8,53","8,22","7,70","6,83","7,19","6,69","5,95","5,66","5,03","4,70","4,81","4,01","3,88","3,84","3,23","2,94","2,80","2,53","2,50"
Kyrgyzstan,34,KG,55.00%,"199,951",21,27.1,996,Bishkek,"9,79",155.68,1.10%,KGS,3.3,3.30%,$0.56,"$8,454,619,608",107.60%,41.30%,16.9,Bishkek,71.4,60,$0.09,Russian,48.20%,1.88,"6,456,900",59.80%,18.00%,29.00%,6.33%,"2,362,644",4.120.438,74.766.098,"9,31","8,49","9,03","11,10","9,35","9,65","10,28","10,10","9,66","10,00","7,55","6,31","6,74","7,55","6,52","5,42","5,51","5,81","5,38","4,92","3,86","4,60","4,65","5,91","5,57","5,66","4,51","6,15","8,50","11,08","15,96","19,32"
Nepal,203,NP,28.70%,"147,181",112,19.89,977,Kathmandu,"9,11",188.73,5.60%,NPR,1.92,25.40%,$0.91,"$30,641,380,604",142.10%,12.40%,26.7,Kathmandu,70.5,186,$0.36,Nepali,60.40%,0.75,"28,608,710",83.80%,20.70%,41.80%,1.41%,"5,765,513",28.394.857,84.124.008,"14,17","13,94","13,43","14,83","11,65","9,76","6,90","7,59","6,22","5,47","5,22","4,82","4,13","3,35","2,57","2,46","2,99","2,58","2,81","2,60","3,24","3,04","3,19","2,22","2,64","2,35","2,31","1,62","1,40","1,23","1,03","0,72"
Luxembourg,242,LU,53.70%,"2,586",2,10.3,352,Luxembourg City,"8,99",115.09,1.70%,EUR,1.37,35.70%,$1.19,"$71,104,919,108",102.30%,19.20%,1.9,Luxembourg City,82.1,5,$13.05,Luxembourgish,10.60%,03.01,"645,397",59.30%,26.50%,20.40%,5.36%,"565,488",49.815.273,6.129.583,"8,35","8,10","9,75","9,57","9,26","9,09","9,35","9,83","10,33","10,87","11,10","11,20","10,64","11,18","11,32","11,92","12,09","11,83","10,46","9,98","9,21","8,71","8,13","7,68","8,55","9,20","9,15","11,54","12,35","12,21","12,44","11,82"
Afghanistan,60,AF,58.10%,"652,23",323,32.49,93,Kabul,"8,67",149.9,2.30%,AFN,4.47,2.10%,$0.70,"$19,101,353,833",104.00%,9.70%,47.9,Kabul,64.5,638,$0.43,Pashto,78.40%,0.28,"38,041,754",48.90%,9.30%,71.40%,11.12%,"9,797,273",3.393.911,67.709.953,"11,87","11,68","11,08","10,82","9,87","9,07","9,79","9,17","9,25","10,04","11,84","8,36","6,39","4,25","2,80","2,16","1,89","1,24","1,56","1,34","1,07","1,05","1,09","1,28","1,30","1,37","1,42","1,45","1,49","1,48","1,91","2,02"
Cameroon,56,CM,20.60%,"475,44",24,35.39,237,Yaounda,"8,29",118.65,2.50%,XAF,4.57,39.30%,$1.03,"$38,760,467,033",103.40%,12.80%,50.6,Douala,58.9,529,$0.35,French,69.70%,0.09,"25,876,380",76.10%,12.80%,57.70%,3.38%,"14,741,256",7.369.722,12.354.722,"9,30","9,01","9,50","9,63","9,59","9,94","9,85","8,77","7,85","7,60","6,52","6,66","6,59","5,43","5,70","3,75","3,59","3,85","3,70","3,33","3,33","3,35","3,00","3,14","3,16","3,59","3,20","2,84","2,87","2,71","2,67","2,60"
Jamaica,273,JM,41.00%,"10,991",4,16.1,1876,"Kingston, Jamaica","8,23",162.47,3.90%,JMD,1.98,30.90%,$1.11,"$16,458,071,068",91.00%,27.10%,12.4,"Kingston, Jamaica",74.4,80,$1.33,Jamaican English,23.70%,1.31,"2,948,279",66.00%,26.80%,35.10%,8.00%,"1,650,594",18.109.581,-77.297.508,"7,69","6,94","7,82","8,09","7,80","8,16","8,00","7,70","8,49","7,91","8,26","7,68","7,93","10,78","10,75","11,58","10,42","10,57","10,67","10,20","10,58","10,31","9,96","9,69","10,07","9,69","9,17","8,19","8,00","7,71","7,75","7,53"
Costa Rica,100,CR,34.50%,"51,1",10,13.97,506,San Jose,"8,02",128.85,2.10%,CRC,1.75,54.60%,$0.98,"$61,773,944,174",113.30%,55.20%,7.6,San Jos������,80.1,27,$1.84,Spanish,21.50%,2.89,"5,047,561",62.10%,13.60%,58.30%,11.85%,"4,041,885",9.748.917,-83.753.428,"7,82","7,08","8,05","8,23","8,20","8,00","7,41","7,75","7,63","7,26","7,31","7,49","7,75","7,99","7,96","7,01","6,72","6,84","6,58","6,25","5,67","5,39","5,44","5,23","4,92","4,69","4,80","5,20","3,89","3,74","3,29","2,91"
Mozambique,40,MZ,63.50%,"799,38",11,37.52,258,Maputo,"7,94",182.31,2.80%,MZN,4.85,48.00%,$0.65,"$14,934,159,926",112.60%,7.30%,54,Maputo,60.2,289,$0.27,Portuguese,6.80%,0.08,"30,366,036",78.10%,0.00%,36.10%,3.24%,"11,092,106",-18.665.695,35.529.562,"7,16","6,67","7,15","7,08","6,95","8,16","6,31","7,92","3,58","3,05","3,11","2,63","2,44","2,18","2,19","1,92","1,77","1,86","1,86","1,54","1,55","1,32","1,17","1,11","1,17","1,09","1,11","1,08","1,19","1,04","0,95","0,99"
Brunei,83,BN,2.70%,"5,765",8,14.9,673,Bandar Seri Begawan,"7,66",99.03,-0.40%,BND,1.85,72.10%,$0.37,"$13,469,422,941",103.20%,31.40%,9.8,,75.7,31,,Malay,6.00%,1.61,"433,285",64.70%,,8.00%,9.12%,"337,711",4.535.277,114.727.669,"10,48","10,55","10,49","9,34","9,31","7,63","6,93","8,83","7,63","9,50","9,54","8,06","7,75","8,99","8,31","4,74","4,87","4,87","4,47","4,25","4,39","4,59","3,80","5,16","4,93","4,74","4,79","4,69","4,96","5,21","5,31","6,19"
Papua New Guinea,20,PG,2.60%,"462,84",4,27.07,675,Port Moresby,"7,54",155.99,3.60%,PGK,3.56,74.10%,$1.36,"$24,969,611,435",108.50%,1.80%,38,Port Moresby,64.3,145,$1.16,Tok Pisin,5.80%,0.07,"8,776,109",47.20%,13.60%,37.10%,2.46%,"1,162,834",-6.314.993,14.395.555,"8,51","8,33","7,88","7,52","6,47","6,81","6,50","6,60","5,43","5,07","5,22","4,66","5,09","4,79","6,12","4,31","4,38","4,48","3,94","3,48","3,21","2,66","2,44","2,86","2,58","2,19","2,06","2,18","2,19","2,19","2,17","2,15"
Paraguay,18,PY,55.10%,"406,752",27,20.57,595,Asuncion,"7,41",143.82,2.80%,PYG,2.43,37.70%,$1.04,"$38,145,288,940",104.40%,34.60%,17.2,Ciudad del Este,74.1,129,$1.55,Spanish,36.50%,1.35,"7,044,636",72.10%,10.00%,35.00%,4.81%,"4,359,150",-23.442.503,-58.443.832,"8,58","8,03","8,24","8,51","8,07","7,15","6,05","5,46","5,17","5,17","5,20","5,02","4,53","4,28","4,04","3,91","3,78","4,06","4,03","3,86","3,70","3,61","4,38","4,38","4,13","3,72","3,94","3,40","2,91","2,58","2,10","2,14"
El Salvador,313,SV,76.40%,"21,041",42,18.25,503,San Salvador,"7,17",111.23,0.10%,,02.04,12.60%,$0.83,"$27,022,640,000",94.80%,29.40%,11.8,San Salvador,73.1,46,$0.50,Spanish,27.90%,1.57,"6,453,553",59.10%,18.10%,36.40%,4.11%,"4,694,702",13.794.185,-8.889.653,"7,20","6,50","7,42","6,41","5,97","6,60","6,67","6,15","6,09","6,47","6,50","6,32","6,31","6,40","6,85","6,72","6,30","6,25","6,43","6,07","5,86","5,67","5,59","5,73","5,42","4,41","5,00","4,51","3,98","3,32","3,15","2,48"
Latvia,30,LV,31.10%,"64,589",6,10,371,Riga,"7,00",116.86,2.80%,EUR,1.6,54.00%,$1.16,"$34,117,202,555",99.40%,88.10%,3.3,Riga,74.7,19,$2.80,Latvian,41.60%,3.19,"1,912,789",61.40%,22.90%,38.10%,6.52%,"1,304,943",56.879.635,24.603.189,"7,27","6,99","7,65","7,86","7,21","7,21","7,26","7,17","7,37","7,52","7,81","8,55","7,46","8,20","8,64","8,31","7,81","7,73","7,73","7,52","7,50","7,08","7,72","8,31","8,68","9,21","9,13","10,37","11,92","14,19","17,92","19,66"
Uruguay,20,UY,82.60%,"176,215",22,13.86,598,Montevideo,"6,77",202.92,7.90%,UYU,1.97,10.70%,$1.50,"$56,045,912,952",108.50%,63.10%,6.4,Montevideo,77.8,17,$1.66,Spanish,16.20%,05.05,"3,461,734",64.00%,20.10%,41.80%,8.73%,"3,303,394",-32.522.779,-55.765.835,"6,74","6,30","6,49","6,57","6,16","6,52","6,74","6,68","7,49","8,59","7,65","6,30","7,95","8,20","5,95","6,60","5,73","5,56","4,53","4,56","5,03","5,27","6,68","5,64","5,51","5,41","4,56","4,03","4,44","5,14","4,53","3,97"
Cyprus,131,CY,12.20%,"9,251",16,10.46,357,Nicosia,"6,63",102.51,0.30%,EUR,1.33,18.70%,$1.23,"$24,564,647,935",99.30%,75.90%,1.9,Statos�������,80.8,6,,Greek,43.90%,1.95,"1,198,575",63.10%,24.50%,22.40%,7.27%,"800,708",35.126.413,33.429.859,"7,60","7,27","7,34","7,34","7,53","7,38","6,97","6,95","6,58","7,26","7,79","8,10","8,47","8,72","8,50","8,19","7,96","7,80","7,58","7,19","7,00","7,12","6,88","6,61","6,31","6,22","5,87","6,00","5,76","5,52","5,14","4,65"
Benin,108,BJ,33.30%,"112,622",12,36.22,229,Porto-Novo,"6,48",110.71,-0.90%,XOF,4.84,37.80%,$0.72,"$14,390,709,095",122.00%,12.30%,60.5,Cotonou,61.5,397,$0.39,French,40.50%,0.08,"11,801,151",70.90%,10.80%,48.90%,2.23%,"5,648,149",930.769,2.315.834,"7,76","7,26","7,14","7,43","6,80","6,49","5,33","4,80","4,57","4,40","4,48","4,68","4,22","3,92","3,93","3,35","2,49","2,59","2,39","2,11","1,69","1,47","1,46","1,11","1,22","1,18","0,96","0,91","0,81","0,67","0,62","0,58"
Botswana,4,BW,45.60%,"581,73",9,24.82,267,Gaborone,"6,34",149.75,2.80%,BWP,2.87,18.90%,$0.71,"$18,340,510,789",103.20%,24.90%,30,Gaborone,69.3,144,$0.29,English,5.30%,0.37,"2,346,179",70.80%,19.50%,25.10%,18.19%,"1,616,550",-22.328.474,24.684.866,"6,50","6,26","6,78","7,50","7,08","6,35","5,42","6,85","5,66","5,08","4,03","4,54","3,86","4,50","4,23","4,13","4,09","3,89","3,83","3,98","3,85","3,78","3,16","3,34","2,80","2,76","3,04","3,03","3,20","2,78","2,63","2,70"
Uganda,229,UG,71.90%,"241,038",46,38.14,256,Kampala,"5,68",173.87,2.90%,UGX,4.96,9.70%,$0.94,"$34,387,229,486",102.70%,4.80%,33.8,Buganda,63,375,$0.01,Swahili,40.50%,0.17,"44,269,594",70.30%,11.70%,33.70%,1.84%,"10,784,516",1.373.333,32.290.275,"5,78","5,51","6,01","5,63","5,38","4,79","4,53","4,09","3,75","3,63","3,82","3,57","3,00","2,78","2,71","2,38","2,02","1,61","1,51","1,45","1,42","1,36","1,25","1,21","1,06","1,02","0,93","0,71","0,80","0,80","0,78","0,76"
Equatorial Guinea,50,GQ,10.10%,"28,051",1,33.24,240,Malabo,"5,66",124.35,1.20%,XAF,4.51,55.50%,,"$11,026,774,945",61.80%,1.90%,62.6,Malabo,58.4,301,$1.05,Spanish,72.00%,0.4,"1,355,986",62.00%,6.10%,79.40%,6.43%,"984,812",1.650.801,10.267.895,"5,22","4,99","4,64","6,01","7,86","7,56","7,03","7,67","8,20","6,90","9,43","6,79","5,39","6,10","5,58","7,11","8,04","9,96","7,96","7,78","2,96","0,62","0,41","0,26","0,30","0,13","0,08","0,08","0,07","0,07","0,07","0,06"
Nicaragua,55,NI,42.10%,"130,37",12,20.64,505,Managua,"5,59",162.74,5.40%,NIO,2.4,25.90%,$0.91,"$12,520,915,291",120.60%,17.40%,15.7,Managua,74.3,98,$0.54,Spanish,36.00%,0.98,"6,545,502",66.40%,15.60%,60.60%,6.84%,"3,846,137",12.865.416,-85.207.229,"5,06","4,56","5,22","5,20","5,46","5,41","5,43","4,75","4,61","4,55","4,81","4,47","4,45","4,37","4,55","4,42","4,27","4,38","4,34","3,99","3,92","3,72","3,60","3,39","3,11","2,85","2,76","2,52","2,28","2,37","1,99","2,04"
Gabon,9,GA,20.00%,"267,667",7,31.61,241,Libreville,"5,32",122.19,2.10%,XAF,3.97,90.00%,$0.92,"$16,657,960,228",139.90%,8.30%,32.7,Libreville,66.2,252,$1.46,French,25.90%,0.68,"2,172,579",52.90%,10.20%,47.10%,20.00%,"1,949,694",-803.689,11.609.444,"5,71","5,69","5,74","5,99","6,29","6,52","6,48","6,37","5,93","5,63","4,93","4,78","4,23","4,16","4,09","4,14","4,86","4,66","4,61","4,54","4,77","4,67","4,79","4,96","4,77","4,75","4,61","4,37","4,97","4,92","4,52","4,48"
Tajikistan,68,TJ,34.10%,"144,1",17,30.76,992,Dushanbe,"5,31",148.57,6.00%,TJS,3.59,3.00%,$0.71,"$8,116,626,794",100.90%,31.30%,30.4,Dushanbe,70.9,17,$0.23,Persian,63.10%,1.7,"9,321,018",42.00%,9.80%,67.30%,11.02%,"2,545,477",38.861.034,71.276.093,"10,34","9,43","9,83","9,11","7,86","6,44","5,30","4,60","2,91","2,93","2,34","2,54","2,44","2,90","3,23","2,66","2,44","2,56","2,07","1,88","2,29","2,23","2,52","2,50","2,15","2,82","2,45","2,36","5,17","7,31","9,74","12,05"
Armenia,104,AM,58.90%,"29,743",49,13.99,374,Yerevan,"5,16",129.18,1.40%,AMD,1.76,11.70%,$0.77,"$13,672,802,158",92.70%,54.60%,11,Yerevan,74.9,26,$0.66,Armenian,81.60%,4.4,"2,957,731",55.60%,20.90%,22.60%,16.99%,"1,869,848",40.069.099,45.038.189,"6,81","6,43","6,28","5,83","5,54","5,20","5,47","5,60","5,54","5,75","4,97","4,25","4,36","5,57","5,10","4,40","4,38","3,69","3,46","3,08","3,53","3,49","3,05","3,40","3,27","2,60","3,43","2,71","2,58","5,86","7,27","8,94"
Zambia,25,ZM,32.10%,"752,618",16,36.19,260,Lusaka,"5,14",212.31,9.20%,ZMW,4.63,65.20%,$1.40,"$23,064,722,446",98.70%,4.10%,40.4,Lusaka,63.5,213,$0.24,English,27.50%,1.19,"17,861,030",74.60%,16.20%,15.60%,11.43%,"7,871,713",-13.133.897,27.849.332,"7,68","7,28","7,75","7,41","6,84","5,86","5,06","4,88","4,42","4,17","3,37","3,12","2,94","2,55","2,29","2,23","2,24","2,10","2,07","1,96","1,89","1,78","1,78","2,28","2,35","1,84","2,14","2,39","2,47","2,42","2,38","2,41"
Moldova,123,MD,74.20%,"33,851",7,10.1,373,Chi,"5,12",166.2,4.80%,MDL,1.26,12.60%,$0.80,"$11,955,435,457",90.60%,39.80%,13.6,Chi����,71.8,19,$0.31,Romanian,46.20%,3.21,"2,657,637",43.10%,17.70%,38.70%,5.47%,"1,135,502",47.411.631,28.369.885,"5,60","5,25","5,49","5,45","5,22","4,90","4,78","4,76","4,90","4,77","4,94","4,83","4,54","5,19","4,98","5,03","4,94","4,61","4,40","4,05","3,79","3,57","4,68","6,44","7,30","11,69","11,41","12,43","15,85","20,98","29,54","36,53"
Albania,105,AL,43.10%,"28,748",9,11.78,355,Tirana,"4,54",119.05,1.40%,ALL,1.62,28.10%,$1.36,"$15,278,077,447",107.00%,55.00%,7.8,Tirana,78.5,15,$1.12,Albanian,56.90%,1.2,"2,854,191",55.70%,18.60%,36.60%,12.33%,"1,747,593",41.153.332,20.168.331,"4,62","4,73","4,95","4,98","5,56","4,63","4,71","6,00","5,29","4,85","5,31","4,78","4,41","4,40","3,95","3,91","4,26","4,18","4,30","3,75","3,22","3,02","2,99","1,75","1,54","2,02","2,09","1,92","2,34","2,52","4,29","5,52"
Mauritius,626,MU,42.40%,"2,04",3,10.2,230,Port Louis,"4,35",129.91,0.40%,MUR,1.41,19.00%,$1.12,"$14,180,444,557",101.10%,40.60%,13.6,Port Louis,74.4,61,$0.38,French,50.70%,2.53,"1,265,711",58.30%,19.10%,22.20%,6.67%,"515,98",-20.348.404,57.552.152,"4,47","4,21","4,52","4,51","4,54","4,35","4,21","4,21","4,07","3,96","3,92","3,91","3,71","3,77","3,69","3,63","3,29","3,09","3,06","2,88","2,86","2,69","2,43","2,17","2,00","1,95","1,83","1,62","1,77","1,71","1,52","1,46"
Namibia,3,,47.10%,"824,292",16,28.64,264,Windhoek,"4,23",157.97,3.70%,,3.4,8.30%,$0.76,"$12,366,527,719",124.20%,22.90%,29,Windhoek,63.4,195,,English,8.30%,0.42,"2,494,530",59.50%,27.10%,20.70%,20.27%,"1,273,258",-2.295.764,1.849.041,"4,01","3,95","4,11","4,15","4,22","4,05","3,85","3,68","2,57","3,36","2,78","2,84","2,76","2,70","2,26","2,34","2,31","1,97","1,88","1,79","2,01","1,60","1,66","1,82","1,77","1,72","1,62","1,57","1,39","1,15","1,06","0,00"
Madagascar,48,MG,71.20%,"587,041",22,32.66,261,Antananarivo,"3,91",184.33,5.60%,MGA,04.08,21.40%,$1.11,"$14,083,906,357",142.50%,5.40%,38.2,Antananarivo,66.7,335,$0.21,French,21.70%,0.18,"26,969,307",86.10%,10.20%,38.30%,1.76%,"10,210,849",-18.766.947,46.869.107,"4,24","4,00","4,30","3,82","4,12","3,27","3,23","3,16","3,21","2,74","2,37","1,87","1,71","1,78","1,72","1,67","1,73","1,79","1,68","1,23","1,74","1,87","1,82","1,71","1,62","1,34","1,29","1,25","1,01","0,98","1,01","0,93"
Burkina Faso,76,BF,44.20%,"274,2",11,37.93,226,Ouagadougou,"3,42",106.58,-3.20%,XOF,5.19,19.30%,$0.98,"$15,745,810,235",96.10%,6.50%,49,Ouagadougou,61.2,320,$0.34,French,36.10%,0.08,"20,321,378",66.40%,15.00%,41.30%,6.26%,"6,092,349",12.238.333,-1.561.593,"5,70","5,39","5,30","4,95","4,52","3,90","3,71","2,91","2,86","2,62","2,13","2,04","1,83","1,73","1,59","1,36","1,12","1,10","1,07","1,00","0,99","1,03","0,92","0,86","0,80","0,70","0,62","0,64","0,63","0,63","0,63","0,58"
Mali,17,ML,33.80%,"1,240,192",18,41.54,223,Bamako,"3,18",108.73,-1.70%,XOF,5.88,3.80%,$1.12,"$17,510,141,171",75.60%,4.50%,62,Bamako,58.9,562,$0.23,French,46.30%,0.13,"19,658,031",70.80%,11.60%,54.50%,7.22%,"8,479,688",17.570.692,-3.996.166,"4,17","3,93","3,85","3,67","3,55","3,34","3,27","3,10","2,74","2,44","2,28","2,09","1,89","1,96","1,79","1,54","1,45","1,41","1,25","1,21","1,16","1,07","0,97","0,93","0,73","0,65","0,60","0,55","0,50","0,46","0,43","0,42"
Togo,152,TG,70.20%,"56,785",10,33.11,228,Lome,"3,00",113.3,0.70%,XOF,4.32,3.10%,$0.71,"$5,459,979,417",123.80%,14.50%,47.4,Lom�,60.8,396,$0.34,French,51.00%,0.08,"8,082,366",77.60%,16.90%,48.20%,2.04%,"3,414,638",8.619.543,824.782,"2,34","2,24","2,21","2,21","2,16","2,31","1,86","1,54","1,64","2,22","2,50","2,60","2,74","1,52","1,52","1,50","1,72","1,74","1,80","1,32","1,16","1,33","1,85","1,29","0,88","1,27","1,17","1,01","1,07","1,03","1,05","0,98"
Guinea,53,GN,59.00%,"245,857",13,36.36,224,Conakry,"3,00",262.95,9.50%,GNF,4.7,25.80%,$0.90,"$13,590,281,809",91.50%,11.60%,64.9,Kankan,61.2,576,,French,54.50%,0.08,"12,771,246",61.50%,10.80%,69.30%,4.30%,"4,661,505",9.945.587,-9.696.645,"4,84","4,53","4,43","3,69","3,24","2,74","2,45","2,17","2,11","2,42","2,59","2,48","2,11","2,00","1,97","1,89","1,82","1,76","1,70","1,62","1,56","1,49","1,43","1,36","1,29","1,23","1,17","1,12","1,09","1,06","1,03","1,00"
Haiti,414,HT,66.80%,"27,75",0,24.35,509,Port-au-Prince,"2,98",179.29,12.50%,HTG,2.94,3.50%,$0.81,"$8,498,981,821",113.60%,1.10%,49.5,Port-au-Prince,63.7,480,$0.25,French,36.30%,0.23,"11,263,077",67.20%,,42.70%,13.78%,"6,328,948",18.971.187,-72.285.215,"2,88","2,62","3,05","3,37","3,10","2,98","2,66","2,70","2,71","2,26","2,27","2,14","1,89","1,76","1,77","1,75","1,72","1,65","1,70","1,79","1,47","1,63","1,27","1,23","1,35","1,02","0,88","0,18","0,68","0,89","0,98","0,99"
Mauritania,5,MR,38.50%,"1,030,700",21,33.69,222,Nouakchott,"2,74",135.02,2.30%,MRU,4.56,0.20%,$1.13,"$7,593,752,450",99.90%,5.00%,51.5,Nouakchott,64.7,766,$0.53,Arabic,48.20%,0.19,"4,525,696",45.90%,,67.00%,9.55%,"2,466,821",2.100.789,-10.940.835,"4,12","3,86","3,77","3,66","3,42","2,63","3,00","2,57","2,17","2,45","2,15","2,04","1,96","1,77","1,64","1,42","1,44","1,38","1,29","1,25","1,17","1,11","1,10","1,07","1,08","1,06","1,01","0,96","0,93","0,91","0,87","0,85"
Guyana,4,GY,8.60%,"214,969",3,19.97,592,"Georgetown, Guyana","2,38",116.19,2.10%,GYD,2.46,83.90%,$0.90,"$4,280,443,645",97.80%,11.60%,25.1,"Georgetown, Guyana",69.8,169,$0.98,English,40.50%,0.8,"782,766",56.20%,,30.60%,11.85%,"208,912",4.860.416,-5.893.018,"3,09","3,19","2,73","2,48","2,32","2,35","2,00","1,97","1,91","1,96","1,96","1,89","1,91","1,71","1,78","1,51","1,62","1,93","1,86","1,71","1,74","1,75","1,83","1,83","1,81","1,65","1,57","1,46","1,04","1,04","1,11","1,13"
Iceland,3,IS,18.70%,103,0,12,354,Reykjav,"2,07",129,3.00%,ISK,1.71,0.50%,$1.69,"$24,188,035,739",100.40%,71.80%,1.5,Reykjav��,82.7,4,,Icelandic,17.00%,04.08,"361,313",75.00%,23.30%,31.90%,2.84%,"339,11",64.963.051,-19.020.835,"3,37","3,33","3,55","3,66","3,60","3,49","3,53","3,44","3,48","3,49","3,49","3,62","3,72","3,80","3,48","3,14","2,97","3,10","2,98","2,98","2,86","2,92","2,83","2,63","2,61","2,51","2,46","2,34","2,39","2,24","2,10","2,22"
Fiji,49,FJ,23.30%,"18,274",4,21.28,679,Suva,"2,05",132.3,1.80%,FJD,2.77,55.90%,$0.82,"$5,535,548,972",106.40%,16.10%,21.6,Suva,67.3,34,$1.28,Fiji Hindi,21.40%,0.84,"889,953",57.60%,24.20%,32.10%,4.10%,"505,048",-17.713.371,178.065.032,"1,47","1,43","1,36","1,36","1,31","1,18","1,24","1,18","1,04","0,97","1,01","1,09","0,74","0,82","1,08","1,15","1,03","1,29","0,99","0,84","1,00","0,81","0,76","0,74","0,76","0,79","0,74","0,72","0,73","0,73","0,66","0,80"
Democratic Republic of the Congo,40,CD,11.60%,"2,344,858",134,41.18,243,Kinshasa,"2,02",133.85,2.90%,CDF,5.92,67.20%,$1.49,"$47,319,624,204",108.00%,6.60%,68.2,Kinshasa,60.4,473,$0.18,French,37.40%,0.07,"86,790,567",63.50%,10.70%,50.70%,4.24%,"39,095,679",-4.038.333,21.758.664,"2,61","2,48","2,61","2,47","2,47","2,01","2,79","4,63","3,54","2,36","2,44","1,96","1,69","1,81","1,70","1,55","1,45","1,15","1,04","0,85","0,77","0,89","1,32","1,66","1,88","2,31","2,10","1,70","2,66","2,81","3,13","4,25"
Niger,19,NE,36.10%,"1,267,000",10,46.08,227,Niamey,"2,02",109.32,-2.50%,XOF,6.91,0.90%,$0.88,"$12,928,145,120",74.70%,4.40%,48,Niamey,62,509,$0.29,French,52.30%,0.04,"23,310,715",72.00%,11.80%,47.20%,0.47%,"3,850,231",17.607.789,8.081.666,"2,70","2,49","2,47","1,79","2,25","2,15","2,21","2,25","2,07","1,85","1,32","1,17","0,96","0,80","0,72","0,69","0,71","0,81","0,75","0,70","0,65","0,69","0,68","0,70","0,65","0,64","0,56","0,58","0,60","0,53","0,57","0,60"
Suriname,4,SR,0.60%,"163,82",2,18.54,597,Paramaribo,"1,74",294.66,22.00%,SRD,2.42,98.30%,$1.29,"$3,985,250,737",108.80%,12.60%,16.9,Paramaribo,71.6,120,,Dutch,10.10%,1.21,"581,372",51.10%,19.50%,27.90%,7.33%,"384,258",3.919.305,-56.027.783,"2,79","2,61","2,68","1,87","2,11","2,35","2,41","2,89","2,84","2,18","2,45","2,37","1,99","1,94","1,76","1,74","1,59","1,56","1,54","1,56","2,36","2,19","2,12","2,10","2,10","2,08","2,06","2,04","2,04","2,03","2,02","1,74"
Maldives,2,MV,26.30%,298,5,14.2,960,Maldives,"1,45",99.7,0.20%,,1.87,3.30%,$1.63,"$5,729,248,472",97.10%,31.20%,7.4,Mal�,78.6,53,,Divehi,16.40%,4.56,"530,953",69.80%,19.50%,30.20%,6.14%,"213,645",3.202.778,7.322.068,"2,12","2,06","1,95","1,74","1,51","1,44","1,31","1,32","1,09","1,11","0,99","0,93","0,88","0,84","0,78","0,76","0,60","0,67","0,51","0,59","0,46","0,45","0,42","0,30","0,33","0,29","0,25","0,20","0,20","0,23","0,15","0,17"
Liberia,53,LR,28.00%,"111,369",2,33.04,231,Monrovia,"1,39",223.13,23.60%,,4.32,43.10%,$0.80,"$3,070,518,100",85.10%,11.90%,53.5,Monrovia,63.7,661,$0.17,English,19.60%,0.04,"4,937,374",76.30%,12.90%,46.20%,2.81%,"2,548,426",6.428.055,-9.429.499,"1,20","1,13","1,11","1,08","1,23","1,35","1,20","1,19","0,87","0,96","0,85","0,76","0,47","0,53","0,63","0,67","0,65","0,55","0,46","0,43","0,44","0,41","0,39","0,48","0,45","0,43","0,42","0,42","0,42","0,39","0,37","0,47"
Malta,1,MT,32.40%,316,2,9.2,356,Valletta,"1,34",113.45,1.60%,EUR,1.23,1.10%,$1.36,"$14,786,156,563",105.00%,54.30%,6.1,Birkirkara,82.3,6,$5.07,Maltese,37.10%,2.86,"502,653",56.50%,26.20%,44.00%,3.47%,"475,902",35.937.496,14.375.416,"1,72","1,60","1,65","1,55","1,53","1,36","1,67","2,36","2,38","2,73","2,58","2,59","2,53","2,74","2,73","2,66","2,64","2,82","2,96","2,69","2,65","2,51","2,59","2,51","2,56","2,55","2,44","2,65","2,87","2,29","2,24","2,39"
Malawi,203,MW,61.40%,"118,484",15,34.12,265,Lilongwe,"1,30",418.34,9.40%,MWK,4.21,33.20%,$1.15,"$7,666,704,427",142.50%,0.80%,35.3,Lilongwe,63.8,349,$0.12,English,11.00%,0.04,"18,628,747",76.70%,17.30%,34.50%,5.65%,"3,199,301",-13.254.308,34.301.525,"1,55","1,47","1,59","1,57","1,36","1,19","1,07","1,02","1,16","1,13","1,14","1,03","1,09","1,09","0,97","0,92","0,90","0,91","0,90","0,85","0,79","0,87","0,92","0,92","0,94","0,90","0,90","0,89","0,87","0,78","0,78","0,73"
Barbados,668,BB,23.30%,430,1,10.65,1,Bridgetown,"1,28",134.09,4.10%,BBD,1.62,14.70%,$1.81,"$5,209,000,000",99.40%,65.40%,11.3,Bridgetown,79.1,27,$3.13,English,45.20%,2.48,"287,025",65.20%,27.50%,35.60%,10.33%,"89,431",13.193.887,-59.543.198,"1,13","1,02","1,18","1,29","1,21","1,32","1,31","1,30","1,44","1,46","1,52","1,46","1,60","1,61","1,36","1,34","1,32","1,27","1,25","1,20","1,19","1,15","1,16","1,10","0,89","0,82","0,81","0,74","1,10","0,97","1,20","1,07"
Bhutan,20,BT,13.60%,"38,394",6,17.26,975,Thimphu,"1,26",167.18,2.70%,,1.98,72.50%,$0.98,"$2,446,674,101",100.10%,15.60%,24.8,Thimphu,71.5,183,$0.32,Dzongkha,19.80%,0.42,"727,145",66.70%,16.00%,35.30%,2.34%,"317,538",27.514.162,90.433.601,"1,52","1,50","1,45","1,35","1,24","1,15","0,97","0,95","0,85","0,77","0,67","0,46","0,37","0,40","0,37","0,37","0,38","0,29","0,36","0,40","0,37","0,38","0,37","0,37","0,38","0,28","0,24","0,20","0,17","0,20","0,18","0,13"
Rwanda,525,RW,73.40%,"26,338",35,31.7,250,Kigali,"1,12",151.09,3.40%,RWF,04.04,19.70%,$1.17,"$10,122,472,590",133.00%,6.70%,27,Kigali,68.7,248,,Swahili,26.00%,0.13,"12,626,950",83.70%,14.30%,33.20%,1.03%,"2,186,104",-1.940.278,29.873.888,"1,75","1,66","1,81","1,28","1,17","1,07","0,97","0,83","0,78","0,72","0,65","0,57","0,56","0,53","0,54","0,51","0,51","0,52","0,51","0,52","0,52","0,52","0,50","0,48","0,48","0,46","0,45","0,46","0,48","0,48","0,47","0,52"
Sierra Leone,111,SL,54.70%,"71,74",9,33.41,232,Freetown,"1,09",234.16,14.80%,SLL,4.26,43.10%,$1.08,"$3,941,474,311",112.80%,2.00%,78.5,Freetown,54.3,1120,$0.57,English,38.20%,0.03,"7,813,215",57.90%,8.60%,30.70%,4.43%,"3,319,366",8.460.555,-11.779.889,"1,30","1,22","1,19","1,04","1,06","1,15","1,04","1,11","1,01","0,83","0,71","0,54","0,50","0,51","0,49","0,58","0,43","0,52","0,53","0,50","0,43","0,33","0,19","0,24","0,22","0,31","0,23","0,35","0,32","0,32","0,58","0,52"
Chad,13,TD,39.70%,"1,284,000",35,42.17,235,N'Djamena,"1,02",117.7,-1.00%,XAF,5.75,3.80%,$0.78,"$11,314,951,343",86.80%,3.30%,71.4,N'Djamena,54,1140,$0.60,French,56.40%,0.04,"15,946,876",70.70%,,63.50%,1.89%,"3,712,273",15.454.166,18.732.207,"1,94","1,80","1,92","2,01","1,98","2,02","1,68","1,86","1,48","1,27","1,29","1,16","1,08","1,00","0,85","0,79","0,77","0,75","0,74","0,51","0,50","0,49","0,48","0,46","0,45","0,44","0,42","0,41","0,40","0,41","0,38","0,38"
North Macedonia,83,,,"25,713",,,389,Skopje,,,,MKD,,,,"$10,220,781,069",,,,Skopje,,,,Macedonian,35.60%,,"1,836,713",,,,,,41.608.635,21.745.275,"6,85","6,65","7,99","7,03","7,50","6,99","7,02","7,46","7,77","8,73","9,20","8,50","8,59","9,30","9,38","10,83","11,18","11,11","11,23","10,87","11,93","12,00","11,67","12,57","10,58","11,68","10,64","10,53","10,12","10,98","10,04","14,18"